loss,win,draw - pos_true, pos_false, neg_true, neg_false
34470,0,60325,0,32730,0,104218,0,51588,0,109833,0,17911,0,44342,0,29827,0,50918,0,26255,0,16941,0,28740,0,64269,0,75736,0,80393,0,60178,0,66772,0,21201,0,59876,0,16601,0,29941,0,6481,0,39631,0,13167,0,60562,0,119473,0,67192,0,34298,0,59100,0,30496,0,25626,0,48519,0,2981,0,51369,0,67771,0,45786,0,49608,0,105702,0,31632,0,121733,0,79104,0,86432,0,64542,0,89779,0,37223,0,40478,0,25662,0,50451,0,16966,0,67686,0,67249,0,55002,0,47175,0,24803,0,67325,0,45842,0,47420,0,76035,0,32658,0,61546,0,47157,0,28708,0,40141,0,16493,0,74020,0,73011,0,31284,0,42269,0,51108,0,49704,0,90964,0,51038,0,38078,0,84435,0,54702,0,29568,0,42000,0,64570,0,87489,0,66807,0,31622,0,40156,0,68547,0,46160,0,82256,0,35234,0,35298,0,13864,0,48605,0,60377,0,42474,0,71676,0,45310,0,97511,0,45531,0,43575,0,75319,0,81099,0,86856,0,77193,0,55408,0,28778,0,26561,0,30238,0,21251,0,79363,0,17203,0,746,0,24011,0,25582,0,61699,0,35799,0,42623,0,73911,0,20213,0,50898,0,42980,0,36757,0,23605,0,37408,0,73852,0,43650,0,14080,0,38095,0,48509,0,97907,0,34359,0,44379,0,40838,0,16242,0,28713,0,55824,0,39644,0,30070,0,20357,0,43334,0,75406,0,40772,0,36102,0,81016,0,26180,0,19413,0,34057,0,53686,0,68038,0,66999,0,54955,0,58742,0,87428,0,21266,0,45168,0,29494,0,42928,0,34086,0,93000,0,80156,0,56376,0,32029,0,53514,0,45428,0,14224,0,11601,0,43741,0,54432,0,13355,0,55492,0,87256,0,54405,0,50418,0,111072,0,93442,0,64122,0,29311,0,17732,0,61273,0,35343,0,46597,0,41081,0,86403,0,76241,0,110827,0,41003,0,28020,0,50412,0,36653,0,57207,0,45504,0,54901,0,12473,0,15689,0,105681,0,51274,0,22322,0,69444,0,45810,0,60495,0,48701,0,44510,0,49522,0,32806,0,24225,0,68043,0,52887,0,8607,0,44351,0,26447,0,64388,0,37024,0,20118,0,53257,0,66072,0,38974,0,51289,0,32799,0,80056,0,27913,0,28996,0,99113,0,97444,0,101812,0,37855,0,90873,0,48824,0,40067,0,90433,0,55234,0,56409,0,35522,0,61039,0,95048,0,37035,0,43989,0,68458,0,54112,0,54528,0,56797,0,94117,0,45577,0,34793,0,52083,0,29706,0,25604,0,34648,0,38992,0,30717,0,77306,0,29821,0,78611,0,28065,0,96708,0,26350,0,51987,0,35159,0,60908,0,8514,0,48656,0,41514,0,51905,0,55133,0,59476,0,78064,0,29579,0,47593,0,77683,0,51777,0,33272,0,70002,0,54082,0,73729,0,75502,0,55304,0,34954,0,41808,0,60545,0,78703,0,23586,0,57072,0,50420,0,85752,0,53493,0,88452,0,52981,0,46653,0,50427,0,12200,0,70964,0,91907,0,37111,0,106482,0,28825,0,60376,0,61381,0,18377,0,48734,0,65835,0,58362,0,137284,0,69858,0,51413,0,64237,0,40661,0,43389,0,10346,0,30136,0,14401,0,51155,0,61693,0,51469,0,26626,0,51166,0,77757,0,30471,0,49349,0,38979,0,38795,0,63826,0,40477,0,46207,0,100635,0,77934,0,30066,0,43970,0,41690,0,40313,0,34268,0,40927,0,43430,0,35607,0,4265,0,68332,0,39492,0,46639,0,46372,0,37673,0,75192,0,68245,0,24167,0,46446,0,24228,0,38730,0,15411,0,70496,0,53004,0,42183,0,67784,0,32396,0,16453,0,45479,0,62461,0,128776,0,94765,0,85360,0,59766,0,100807,0,106951,0,77428,0,69552,0,28561,0,39436,0,33012,0,81346,0,62982,0,35692,0,71639,0,25070,0,56609,0,67022,0,55402,0,44657,0,85740,0,34499,0,29068,0,72185,0,22012,0,35992,0,47559,0,70352,0,46847,0,32543,0,44951,0,41331,0,52669,0,45744,0,23647,0,56914,0,62826,0,31611,0,90379,0,20375,0,31202,0,86553,0,22779,0,65182,0,45076,0,21855,0,65370,0,48136,0,2054,0,39852,0,56387,0,63682,0,48972,0,77255,0,63704,0,73972,0,26801,0,58671,0,96854,0,24688,0,41568,0,43240,0,79833,0,27109,0,47259,0,12451,0,38658,0,88305,0,73498,0,17189,0,51695,0,34015,0,28866,0,8790,0,63290,0,57771,0,55233,0,33290,0,97005,0,44969,0,27342,0,35179,0,70280,0,72482,0,23533,0,73543,0,62952,0,21176,0,3239,0,23010,0,29492,0,131617,0,45206,0,34019,0,29757,0,57167,0,91061,0,10772,0,48561,0,89824,0,24002,0,59928,0,36688,0,52193,0,56839,0,67009,0,92144,0,10850,0,30977,0,12317,0,47071,0,31606,0,60998,0,96595,0,81504,0,25667,0,98857,0,33733,0,60351,0,82762,0,47718,0,18706,0,22030,0,46276,0,74700,0,105462,0,38779,0,33512,0,53501,0,97207,0,3717,0,51260,0,41053,0,77563,0,9498,0,38444,0,17799,0,25296,0,80475,0,31895,0,19666,0,15205,0,62239,0,26745,0,29824,0,89460,0,39768,0,29905,0,71357,0,86040,0,
97766,0,49434,0,103691,0,55302,0,30634,0,72676,0,70610,0,64464,0,31417,0,111945,0,96940,0,51036,0,109777,0,34657,0,69810,0,59102,0,31902,0,48892,0,96198,0,52954,0,26171,0,51183,0,20162,0,88185,0,115432,0,91329,0,68124,0,45400,0,59208,0,97448,0,81195,0,127952,0,53713,0,12249,0,34493,0,89694,0,35975,0,37486,0,60480,0,76992,0,53351,0,73565,0,28978,0,103476,0,37953,0,28206,0,33288,0,51431,0,33987,0,57971,0,35462,0,69007,0,77165,0,37303,0,13989,0,53338,0,43567,0,30702,0,84075,0,19047,0,31718,0,61947,0,61670,0,96160,0,36305,0,28570,0,15247,0,87334,0,95549,0,49655,0,120658,0,47205,0,111513,0,32991,0,28143,0,52783,0,73475,0,59897,0,90364,0,56975,0,82557,0,43770,0,40050,0,45304,0,40843,0,72658,0,58518,0,32621,0,46551,0,53561,0,21942,0,79733,0,37908,0,7843,0,69905,0,50878,0,88260,0,32723,0,97300,0,28563,0,63535,0,26062,0,123339,0,81111,0,0,0,172120,0,48220,0,50798,0,73940,0,49081,0,88649,0,44051,0,79007,0,43485,0,111606,0,42897,0,112496,0,20108,0,21051,0,81843,0,51252,0,27988,0,115179,0,31594,0,9512,0,116515,0,77589,0,59662,0,40761,0,115976,0,162761,0,78187,0,82620,0,58378,0,49729,0,59434,0,25589,0,103476,0,111265,0,12738,0,18461,0,102525,0,87038,0,79753,0,74000,0,29141,0,87618,0,33540,0,43545,0,46359,0,41481,0,50671,0,71796,0,29990,0,68064,0,117000,0,112596,0,77579,0,31189,0,26436,0,89229,0,77239,0,82122,0,32948,0,69822,0,60849,0,74415,0,62009,0,42450,0,39981,0,30608,0,49334,0,26944,0,58612,0,89717,0,48515,0,71304,0,81715,0,124006,0,132359,0,30688,0,42092,0,52445,0,30625,0,94978,0,85859,0,127606,0,56336,0,75306,0,38238,0,60384,0,29198,0,85731,0,110939,0,52334,0,101393,0,109999,0,107603,0,44958,0,83258,0,25792,0,61864,0,170245,0,73819,0,33185,0,149839,0,43718,0,99069,0,11332,0,0,0,37329,0,3465,0,51352,0,103718,0,36478,0,50878,0,85764,0,56968,0,86280,0,69264,0,74348,0,53132,0,25405,0,71221,0,99411,0,59196,0,87412,0,98784,0,90525,0,53656,0,49059,0,12284,0,85317,0,81461,0,78436,0,81427,0,45373,0,18150,0,69337,0,95971,0,33496,0,78157,0,97986,0,144041,0,124645,0,32329,0,25549,0,73015,0,63318,0,12803,0,44544,0,124124,0,52087,0,66563,0,121296,0,81788,0,63679,0,24681,0,23326,0,31434,0,62003,0,100437,0,39957,0,38435,0,35450,0,42567,0,90039,0,24722,0,126866,0,64933,0,107412,0,83494,0,79445,0,49991,0,65347,0,59538,0,96773,0,67257,0,8653,0,79394,0,59490,0,96721,0,78812,0,70329,0,84630,0,4846,0,50476,0,75942,0,75798,0,46575,0,90311,0,148599,0,72457,0,62102,0,78867,0,88478,0,43090,0,37297,0,78161,0,77146,0,94141,0,82638,0,27838,0,52164,0,72853,0,108991,0,84812,0,22532,0,112982,0,68401,0,67154,0,67681,0,9559,0,100599,0,59936,0,88657,0,85449,0,132238,0,73166,0,106050,0,128631,0,25170,0,40131,0,30461,0,93662,0,57532,0,24299,0,118167,0,79428,0,15865,0,38821,0,26372,0,48159,0,54173,0,22098,0,69937,0,105564,0,97090,0,10855,0,65811,0,47297,0,144109,0,63207,0,43113,0,27585,0,123033,0,46825,0,120028,0,5441,0,36015,0,80179,0,40411,0,20731,0,80685,0,100702,0,69804,0,28524,0,149541,0,83680,0,32165,0,58654,0,157442,0,34013,0,110349,0,103050,0,43508,0,25140,0,65090,0,98195,0,87620,0,42265,0,113492,0,67723,0,98976,0,67052,0,51009,0,19109,0,67715,0,23474,0,44427,0,101061,0,92243,0,56683,0,58112,0,21185,0,60618,0,42427,0,61317,0,64717,0,41923,0,107780,0,55156,0,52198,0,32209,0,134574,0,75986,0,42579,0,42495,0,49416,0,79332,0,55136,0,114063,0,53100,0,117081,0,62411,0,53128,0,43978,0,48644,0,93017,0,34948,0,43726,0,38914,0,68211,0,46708,0,63866,0,69927,0,106438,0,8696,0,47575,0,63283,0,81718,0,37877,0,94119,0,77773,0,32708,0,34851,0,47078,0,53566,0,47496,0,156497,0,87593,0,26026,0,87916,0,88386,0,32890,0,79630,0,78565,0,51550,0,111695,0,64647,0,74205,0,91478,0,60265,0,75612,0,69372,0,121536,0,172548,0,140217,0,87755,0,59988,0,21197,0,53388,0,148064,0,29664,0,39673,0,84900,0,36928,0,88685,0,93053,0,65539,0,74153,0,117319,0,40441,0,30875,0,82245,0,102814,0,25923,0,123375,0,40983,0,43803,0,89926,0,58501,0,87385,0,70970,0,50627,0,32997,0,12011,0,77328,0,67114,0,39450,0,71065,0,48801,0,17450,0,29691,0,20560,0,38746,0,104505,0,108365,0,40984,0,80579,0,23436,0,108739,0,71578,0,118331,0,90701,0,79037,0,49769,0,102190,0,55083,0,104241,0,
0,0,0,0,0,0,0,0,0,0,0,0,0,0,0,0,0,0,0,0,0,0,0,0,0,0,0,0,0,0,0,0,0,0,0,0,0,0,0,0,0,0,0,0,0,0,0,0,0,0,0,0,0,0,0,0,0,0,0,0,0,0,0,0,0,0,0,0,0,0,0,0,0,0,0,0,0,0,0,0,0,0,0,0,0,0,0,0,0,0,0,0,0,0,0,0,0,0,0,0,0,0,0,0,0,0,0,0,0,0,0,0,0,0,0,0,0,0,0,0,0,0,0,0,0,0,0,0,0,0,0,0,0,0,0,0,0,0,0,0,0,0,0,0,0,0,0,0,0,0,0,0,0,0,0,0,0,0,0,0,0,0,0,0,0,0,0,0,0,0,0,0,0,0,0,0,0,0,0,0,0,0,0,0,0,0,0,0,0,0,0,0,0,0,0,0,0,0,0,0,0,0,0,0,0,0,0,0,0,0,0,0,0,0,0,0,0,0,0,0,0,0,0,0,0,0,0,0,0,0,0,0,0,0,0,0,0,0,0,0,0,0,0,0,0,0,0,0,0,0,0,0,0,0,0,0,0,0,0,0,0,0,0,0,0,0,0,0,0,0,0,0,0,0,0,0,0,0,0,0,0,0,0,0,0,0,0,0,0,0,0,0,0,0,0,0,0,0,0,0,0,0,0,0,0,0,0,0,0,0,0,0,0,0,0,0,0,0,0,0,0,0,0,0,0,0,0,0,0,0,0,0,0,0,0,0,0,0,0,0,0,0,0,0,0,0,0,0,0,0,0,0,0,0,0,0,0,0,0,0,0,0,0,0,0,0,0,0,0,0,0,0,0,0,0,0,0,0,0,0,0,0,0,0,0,0,0,0,0,0,0,0,0,0,0,0,0,0,0,0,0,0,0,0,0,0,0,0,0,0,0,0,0,0,0,0,0,0,0,0,0,0,0,0,0,0,0,0,0,0,0,0,0,0,0,0,0,0,0,0,0,0,0,0,0,0,0,0,0,0,0,0,0,0,0,0,0,0,0,0,0,0,0,0,0,0,0,0,0,0,0,0,0,0,0,0,0,0,0,0,0,0,0,0,0,0,0,0,0,0,0,0,0,0,0,0,0,0,0,0,0,0,0,0,0,0,0,0,0,0,0,0,0,0,0,0,0,0,0,0,0,0,0,0,0,0,0,0,0,0,0,0,0,0,0,0,0,0,0,0,0,0,0,0,0,0,0,0,0,0,0,0,0,0,0,0,0,0,0,0,0,0,0,0,0,0,0,0,0,0,0,0,0,0,0,0,0,0,0,0,0,0,0,0,0,0,0,0,0,0,0,0,0,0,0,0,0,0,0,0,0,0,0,0,0,0,0,0,0,0,0,0,0,0,0,0,0,0,0,0,0,0,0,0,0,0,0,0,0,0,0,0,0,0,0,0,0,0,0,0,0,0,0,0,0,0,0,0,0,0,0,0,0,0,0,0,0,0,0,0,0,0,0,0,0,0,0,0,0,0,0,0,0,0,0,0,0,0,0,0,0,0,0,0,0,0,0,0,0,0,0,0,0,0,0,0,0,0,0,0,0,0,0,0,0,0,0,0,0,0,0,0,0,0,0,0,0,0,0,0,0,0,0,0,0,0,0,0,0,0,0,0,0,0,0,0,0,0,0,0,0,0,0,0,0,0,0,0,0,0,0,0,0,0,0,0,0,0,0,0,0,0,0,0,0,0,0,0,0,0,0,0,0,0,0,0,0,0,0,0,0,0,0,0,0,0,0,0,0,0,0,0,0,0,0,0,0,0,0,0,0,0,0,0,0,0,0,0,0,0,0,0,0,0,0,0,0,0,0,0,0,0,0,0,0,0,0,0,0,0,0,0,0,0,0,0,0,0,0,0,0,0,0,0,0,0,0,0,0,0,0,0,0,0,0,0,0,0,0,0,0,0,0,0,0,0,0,0,0,0,0,0,0,0,0,0,0,0,0,0,0,0,0,0,0,0,0,0,0,0,0,0,0,0,0,0,0,0,0,0,0,0,0,0,0,0,0,0,0,0,0,0,0,0,0,0,0,0,0,0,0,0,0,0,0,0,0,0,0,0,0,0,0,0,0,0,0,0,0,0,0,0,0,0,0,0,0,0,0,0,0,0,0,0,0,0,0,0,0,0,0,0,0,0,0,0,0,0,0,0,0,0,0,0,0,0,0,0,0,0,0,0,0,0,0,0,0,0,0,0,0,0,0,0,0,0,0,0,0,0,
1177,0,1057,0,2437,0,8309,0,7675,0,3459,0,6313,0,3809,0,2314,0,7508,0,3471,0,6400,0,81,0,4509,0,2467,0,6659,0,7869,0,9274,0,7055,0,4833,0,1955,0,19,0,4332,0,132,0,7359,0,3594,0,4142,0,71,0,282,0,168,0,2177,0,2807,0,1431,0,1876,0,1451,0,1832,0,15,0,1311,0,3215,0,17060,0,7879,0,1084,0,872,0,5065,0,2013,0,2601,0,577,0,5,0,2503,0,4079,0,3029,0,2012,0,4449,0,618,0,1871,0,5882,0,5748,0,2220,0,7069,0,3232,0,268,0,3143,0,773,0,6824,0,5203,0,4910,0,1106,0,2175,0,5257,0,3123,0,1070,0,2307,0,7883,0,3842,0,3581,0,15917,0,2975,0,4097,0,3404,0,4894,0,12097,0,5049,0,6133,0,892,0,2367,0,5573,0,141,0,3907,0,2218,0,2248,0,4703,0,2589,0,2026,0,4516,0,2817,0,4241,0,921,0,1106,0,9749,0,3199,0,4659,0,6244,0,9033,0,4970,0,4178,0,8675,0,410,0,2733,0,326,0,23,0,443,0,7193,0,4345,0,3750,0,1765,0,5393,0,3768,0,2327,0,6578,0,2403,0,971,0,1305,0,9135,0,538,0,9203,0,1217,0,2202,0,2479,0,192,0,14858,0,1958,0,3728,0,2381,0,5575,0,2426,0,2285,0,2766,0,4670,0,2683,0,135,0,6081,0,3300,0,3756,0,4033,0,3072,0,10438,0,266,0,2029,0,8777,0,321,0,1581,0,5670,0,1881,0,4208,0,4557,0,6710,0,3406,0,964,0,5509,0,1258,0,12564,0,2394,0,3606,0,3950,0,2355,0,1538,0,2776,0,6556,0,2392,0,1876,0,710,0,1546,0,587,0,151,0,1687,0,5985,0,6114,0,2783,0,7817,0,5146,0,5930,0,12913,0,5764,0,2239,0,2182,0,3688,0,5825,0,3733,0,1404,0,2079,0,4017,0,982,0,625,0,1088,0,2674,0,12833,0,5134,0,2887,0,8715,0,1165,0,11552,0,3719,0,5740,0,5782,0,8288,0,9939,0,239,0,972,0,81,0,5193,0,966,0,4544,0,1797,0,10042,0,4297,0,2422,0,6582,0,3325,0,7470,0,10664,0,5142,0,9134,0,242,0,8875,0,12175,0,3270,0,5559,0,2065,0,2836,0,6545,0,6508,0,5120,0,5163,0,577,0,5760,0,33865,0,2649,0,1076,0,805,0,3851,0,1583,0,3416,0,3017,0,11860,0,2981,0,327,0,3854,0,186,0,812,0,1897,0,7204,0,6940,0,3356,0,3419,0,1488,0,4097,0,2845,0,7308,0,1430,0,9131,0,1509,0,11155,0,4055,0,2261,0,5444,0,6594,0,466,0,2833,0,718,0,4296,0,1199,0,2359,0,5449,0,661,0,720,0,1066,0,3953,0,3175,0,2228,0,3028,0,3187,0,2788,0,4269,0,2036,0,1479,0,481,0,2186,0,9140,0,60,0,8434,0,5857,0,3433,0,1817,0,1193,0,1955,0,4587,0,3611,0,28986,0,3353,0,18,0,4401,0,4184,0,1183,0,15714,0,3009,0,21310,0,889,0,1102,0,2497,0,7186,0,4829,0,4960,0,7329,0,388,0,2006,0,3518,0,4015,0,247,0,5924,0,1652,0,4883,0,83,0,1247,0,7558,0,4042,0,6881,0,2177,0,3195,0,2038,0,1933,0,4622,0,6633,0,3075,0,1003,0,91,0,4558,0,2294,0,497,0,2760,0,5048,0,5979,0,729,0,5703,0,4536,0,8787,0,3738,0,57,0,1419,0,6859,0,8719,0,9543,0,74,0,1355,0,1394,0,838,0,150,0,1213,0,1430,0,2277,0,5195,0,3472,0,15090,0,2106,0,2074,0,6669,0,4556,0,1167,0,1661,0,4986,0,2740,0,4253,0,4572,0,8015,0,7829,0,8110,0,14186,0,3209,0,1531,0,3509,0,910,0,1898,0,1030,0,6950,0,3662,0,1917,0,7063,0,2027,0,3117,0,10524,0,176,0,1216,0,13406,0,5349,0,1962,0,164,0,1986,0,3043,0,4174,0,2067,0,10756,0,3237,0,3487,0,3545,0,865,0,2552,0,2296,0,402,0,3754,0,2904,0,8831,0,5385,0,274,0,4710,0,5976,0,6138,0,8471,0,1384,0,2429,0,5723,0,2119,0,3027,0,940,0,3103,0,3696,0,2491,0,8645,0,5291,0,4814,0,8804,0,2677,0,2175,0,4043,0,3953,0,3734,0,349,0,26649,0,5698,0,7281,0,2179,0,3352,0,2389,0,3108,0,9462,0,4342,0,33617,0,3164,0,2290,0,2200,0,296,0,420,0,1413,0,1862,0,1686,0,4250,0,2104,0,1329,0,6035,0,214,0,1,0,1301,0,9986,0,2478,0,757,0,9962,0,7617,0,1047,0,3236,0,193,0,3429,0,4237,0,3992,0,0,0,143,0,8164,0,3053,0,8660,0,95,0,8996,0,4265,0,5250,0,2959,0,1350,0,5782,0,2157,0,3843,0,3179,0,334,0,5585,0,3687,0,4891,0,119,0,1375,0,788,0,3632,0,1861,0,8041,0,3812,0,201,0,9475,0,187,0,
5907,0,551,0,1862,0,3279,0,2483,0,5091,0,4086,0,2850,0,538,0,438,0,108,0,4389,0,1791,0,3596,0,6603,0,4965,0,919,0,324,0,8729,0,2026,0,3057,0,1595,0,8299,0,5947,0,7843,0,8571,0,524,0,3264,0,2467,0,2869,0,9160,0,12559,0,1604,0,1874,0,11922,0,8673,0,1415,0,2219,0,1632,0,2701,0,6783,0,6774,0,3376,0,2785,0,1467,0,7779,0,6228,0,4582,0,1095,0,3634,0,3123,0,3043,0,3861,0,5851,0,2536,0,1200,0,2037,0,803,0,8272,0,10994,0,1263,0,4794,0,690,0,4676,0,4569,0,1190,0,598,0,11995,0,6032,0,5006,0,2156,0,1544,0,5190,0,2430,0,3792,0,1170,0,1432,0,5554,0,672,0,1041,0,3170,0,8328,0,1837,0,1450,0,14239,0,949,0,4966,0,5853,0,1237,0,1152,0,805,0,853,0,8300,0,5460,0,3501,0,2011,0,688,0,4631,0,4943,0,0,0,96,0,4598,0,705,0,1312,0,0,0,959,0,3921,0,2067,0,4128,0,693,0,1950,0,1171,0,7330,0,4142,0,3840,0,1,0,3286,0,9475,0,4760,0,2367,0,8312,0,2863,0,8418,0,5721,0,1672,0,14696,0,11938,0,5236,0,2277,0,15536,0,10735,0,8865,0,440,0,7162,0,9090,0,11549,0,9024,0,1133,0,1110,0,1751,0,1220,0,580,0,4795,0,2162,0,1345,0,1870,0,8078,0,2063,0,6611,0,4890,0,785,0,6191,0,6801,0,6504,0,2777,0,18909,0,4921,0,2003,0,2722,0,3717,0,3137,0,4831,0,1772,0,3723,0,3440,0,4849,0,1410,0,9060,0,1974,0,4430,0,1550,0,653,0,2135,0,296,0,648,0,13199,0,1511,0,2433,0,22064,0,2922,0,1595,0,9663,0,3466,0,4,0,391,0,304,0,4299,0,3325,0,4468,0,3774,0,2937,0,5751,0,4353,0,3071,0,7403,0,229,0,647,0,4787,0,446,0,1110,0,20991,0,2962,0,18810,0,7130,0,333,0,878,0,32610,0,2718,0,1156,0,0,0,7879,0,26,0,3020,0,230,0,4831,0,2466,0,7678,0,1344,0,2303,0,4349,0,3103,0,663,0,1985,0,898,0,1384,0,102,0,4659,0,2048,0,2444,0,7067,0,2,0,301,0,12,0,3625,0,6823,0,1377,0,1358,0,87,0,331,0,0,0,2068,0,2829,0,3674,0,5970,0,1318,0,5795,0,8264,0,4793,0,2996,0,0,0,7214,0,483,0,2012,0,10325,0,5852,0,4494,0,521,0,3255,0,18961,0,4629,0,2501,0,4380,0,2977,0,1592,0,22081,0,2598,0,1807,0,0,0,5522,0,1763,0,325,0,2186,0,8661,0,3764,0,834,0,1623,0,11113,0,5908,0,4226,0,2411,0,9854,0,10067,0,6242,0,4864,0,6213,0,2165,0,3779,0,3408,0,2869,0,4260,0,3239,0,15217,0,83,0,5102,0,2972,0,13287,0,6419,0,555,0,2687,0,3780,0,4280,0,964,0,4195,0,9456,0,5993,0,5791,0,1853,0,6220,0,6406,0,2910,0,10239,0,2119,0,1243,0,5488,0,1087,0,5791,0,7296,0,2568,0,1716,0,14816,0,5201,0,13669,0,3064,0,2891,0,9044,0,2023,0,0,0,4377,0,905,0,524,0,2585,0,1109,0,4084,0,10643,0,10703,0,1500,0,2367,0,3158,0,1547,0,5294,0,5038,0,6187,0,50,0,0,0,4094,0,1001,0,4712,0,3041,0,1050,0,4127,0,3741,0,504,0,1044,0,2927,0,2500,0,517,0,1205,0,2755,0,4557,0,2932,0,4337,0,3983,0,5982,0,6339,0,601,0,5135,0,21492,0,10330,0,675,0,2,0,5123,0,3552,0,2097,0,7485,0,4771,0,5355,0,781,0,4344,0,6409,0,9296,0,1164,0,4,0,2,0,4785,0,655,0,7237,0,2207,0,5281,0,7077,0,6036,0,5395,0,4218,0,3387,0,10342,0,3553,0,2287,0,8644,0,4335,0,6127,0,2645,0,1879,0,1942,0,2725,0,6677,0,13,0,593,0,2312,0,1640,0,2153,0,3658,0,3594,0,3415,0,3903,0,3943,0,3454,0,2103,0,3421,0,4537,0,3717,0,1519,0,1052,0,6094,0,3670,0,2845,0,5641,0,6236,0,7,0,1984,0,4357,0,231245,0,7593,0,4448,0,2475,0,6350,0,66,0,4446,0,354,0,1659,0,5859,0,2490,0,6397,0,6084,0,1381,0,3597,0,4192,0,7670,0,13279,0,1938,0,4048,0,1266,0,6554,0,1566,0,17142,0,6540,0,2465,0,0,0,313,0,130,0,4185,0,880,0,1362,0,5273,0,1621,0,5401,0,815,0,8354,0,93,0,7962,0,4567,0,4873,0,19730,0,238,0,3215,0,2040,0,2768,0,5032,0,159,0,647,0,3115,0,1162,0,8988,0,7833,0,2370,0,8754,0,1645,0,7480,0,4089,0,2978,0,10114,0,1295,0,8562,0,6659,0,2166,0,7805,0,232,0,770,0,5931,0,439,0,842,0,8576,0,
23154,0,18561,0,59847,0,6708,0,24219,0,21202,0,25026,0,14118,0,10143,0,5603,0,9675,0,0,0,18897,0,5605,0,32342,0,18123,0,1618,0,10053,0,8402,0,33342,0,62610,0,14802,0,20271,0,2651,0,34858,0,24914,0,56648,0,10635,0,20555,0,41417,0,3381,0,11055,0,17371,0,19085,0,39929,0,61403,0,31353,0,13937,0,4429,0,0,0,98118,0,3265,0,47250,0,26933,0,18835,0,5345,0,43249,0,0,0,18815,0,40835,0,8769,0,22406,0,40484,0,39360,0,25610,0,12314,0,54113,0,65110,0,10365,0,22162,0,28016,0,5491,0,30584,0,0,0,31234,0,16986,0,21310,0,11461,0,33373,0,30179,0,16077,0,3458,0,26649,0,39850,0,8322,0,39721,0,8143,0,19287,0,0,0,16809,0,28079,0,4958,0,27023,0,23266,0,3637,0,15917,0,291728,0,2710,0,24590,0,9431,0,13250,0,22317,0,4656,0,14706,0,0,0,9276,0,34020,0,26651,0,22418,0,37397,0,16807,0,15779,0,15512,0,13170,0,19245,0,8434,0,16534,0,19907,0,25434,0,1597,0,7539,0,7218,0,7736,0,49296,0,16843,0,15159,0,48097,0,8442,0,8356,0,12434,0,9378,0,46731,0,30210,0,59287,0,4309,0,9204,0,20518,0,29588,0,8332,0,17488,0,23404,0,90729,0,27227,0,18249,0,4644,0,10002,0,3031,0,18509,0,7901,0,35418,0,18919,0,74553,0,20446,0,31832,0,4927,0,48469,0,17627,0,7737,0,12123,0,30891,0,10017,0,10014,0,32807,0,18821,0,7896,0,46762,0,23451,0,24125,0,14647,0,17804,0,68208,0,32610,0,11162,0,8910,0,18800,0,10175,0,198488,0,18457,0,2685,0,20533,0,10539,0,10689,0,192672,0,0,0,24360,0,5679,0,66748,0,18603,0,26231,0,56596,0,68922,0,12457,0,21115,0,18023,0,31857,0,6104,0,30905,0,10156,0,0,0,31603,0,0,0,20844,0,18033,0,11172,0,23393,0,34609,0,19665,0,11880,0,10023,0,0,0,68671,0,40674,0,32839,0,11659,0,0,0,6184,0,21328,0,12096,0,15229,0,16679,0,14274,0,17660,0,14710,0,30559,0,58456,0,0,0,11160,0,44070,0,53770,0,27337,0,6748,0,3623,0,13709,0,7150,0,13764,0,34816,0,14097,0,5901,0,30209,0,38570,0,3561,0,6558,0,24711,0,9084,0,14826,0,13977,0,145205,0,8555,0,4267,0,7717,0,23663,0,24650,0,12768,0,42245,0,16691,0,12819,0,46959,0,0,0,66890,0,8236,0,6280,0,14010,0,68883,0,0,0,2660,0,2857,0,18599,0,3226,0,12690,0,11685,0,16625,0,31012,0,25094,0,2079,0,15699,0,25810,0,18421,0,10813,0,469329,0,30005,0,23882,0,0,0,28643,0,15065,0,8606,0,16546,0,12290,0,29813,0,50267,0,15904,0,4636,0,7180,0,86990,0,28581,0,21541,0,10752,0,5973,0,15774,0,17046,0,0,0,17967,0,10005,0,10238,0,6979,0,49400,0,19409,0,17984,0,47034,0,0,0,12670,0,20035,0,34410,0,13192,0,8827,0,79236,0,5259,0,17943,0,26696,0,8880,0,0,0,6021,0,46271,0,16141,0,12073,0,58957,0,25053,0,10926,0,0,0,99410,0,14265,0,9998,0,5269,0,13446,0,11701,0,22801,0,21656,0,4840,0,24789,0,51906,0,280274,0,31771,0,9996,0,13589,0,17149,0,26723,0,33626,0,17080,0,11678,0,8110,0,13504,0,43735,0,49009,0,13701,0,102764,0,36550,0,17124,0,6196,0,16372,0,11297,0,25630,0,14438,0,43073,0,55854,0,23616,0,30221,0,56722,0,14998,0,7364,0,434,0,17045,0,0,0,6257,0,64452,0,67582,0,81672,0,34629,0,9354,0,24636,0,35677,0,32571,0,11451,0,14155,0,16643,0,15417,0,21723,0,25156,0,9930,0,11055,0,8461,0,1320,0,0,0,35526,0,17775,0,13167,0,18228,0,5009,0,10059,0,10131,0,12861,0,19797,0,23317,0,39436,0,31442,0,19007,0,5338,0,36954,0,11188,0,41893,0,6477,0,9785,0,33136,0,10154,0,4923,0,22577,0,14238,0,7951,0,39944,0,10030,0,0,0,7574,0,22404,0,26583,0,23462,0,8851,0,36833,0,14035,0,4380,0,6059,0,26547,0,39329,0,24262,0,174661,0,18379,0,526,0,24928,0,7873,0,20200,0,34412,0,11048,0,63400,0,40471,0,14582,0,0,0,11541,0,91123,0,6902,0,3004,0,40861,0,48756,0,25287,0,20441,0,9122,0,41378,0,17288,0,9962,0,9066,0,74806,0,10539,0,20709,0,15110,0,26253,0,19531,0,21873,0,10464,0,71101,0,9321,0,11728,0,9365,0,3902,0,12357,0,49525,0,33391,0,29033,0,15966,0,6188,0,33842,0,22391,0,23115,0,1539,0,11977,0,13377,0,14858,0,26892,0,21678,0,22018,0,53297,0,21334,0,25381,0,57828,0,7861,0,8407,0,0,0,14821,0,16454,0,14441,0,56003,0,18323,0,53802,0,15394,0,20008,0,42166,0,5139,0,20332,0,14644,0,17085,0,22064,0,16818,0,40486,0,11992,0,14009,0,
0,3085,0,3008,0,3896,0,2921,0,3731,0,5252,0,724,0,133,0,4996,0,887,0,4541,0,2642,0,8559,0,837,0,7735,0,1575,0,639,0,4043,0,1747,0,5104,0,4265,0,14168,0,1473,0,2744,0,394,0,6978,0,808,0,5463,0,17348,0,951,0,6826,0,989,0,1685,0,6635,0,5174,0,4542,0,1,0,3829,0,6032,0,2617,0,18142,0,1354,0,7428,0,95,0,2263,0,5123,0,1144,0,2187,0,5161,0,4531,0,27544,0,3309,0,7334,0,1894,0,6276,0,1280,0,3691,0,1346,0,1738,0,2716,0,4216,0,4708,0,5226,0,602,0,9521,0,16260,0,452,0,582,0,602,0,6885,0,1968,0,5646,0,4358,0,6501,0,3543,0,1315,0,1280,0,4,0,432,0,0,0,4153,0,3001,0,2179,0,6933,0,2142,0,3549,0,9756,0,1533,0,5401,0,2917,0,2328,0,5235,0,1978,0,2618,0,3390,0,6332,0,23,0,3625,0,6154,0,374,0,2634,0,6062,0,2510,0,2046,0,718,0,5720,0,1147,0,3891,0,8130,0,3638,0,3241,0,2986,0,1428,0,463,0,4,0,1970,0,5311,0,1865,0,4659,0,1194,0,1229,0,3208,0,4,0,2103,0,1470,0,3045,0,3114,0,18,0,6626,0,245,0,2859,0,3724,0,2800,0,4122,0,4386,0,1639,0,16,0,7624,0,1029,0,3207,0,2171,0,3892,0,11333,0,1057,0,4249,0,4580,0,4170,0,8480,0,36,0,5611,0,2507,0,7948,0,653,0,3169,0,260,0,2447,0,1287,0,6536,0,4719,0,932,0,23,0,2745,0,13049,0,167,0,3775,0,6115,0,662,0,230,0,34,0,4701,0,3292,0,7820,0,3842,0,5577,0,6074,0,3074,0,140,0,36084,0,8331,0,0,0,2702,0,2106,0,0,0,6439,0,1864,0,9385,0,1610,0,286,0,2882,0,29609,0,2107,0,14553,0,3314,0,3829,0,1319,0,2380,0,1492,0,4339,0,7656,0,2444,0,6323,0,425,0,7059,0,6527,0,4729,0,814,0,226,0,2792,0,3143,0,2128,0,3996,0,0,0,5743,0,4313,0,3461,0,1916,0,5803,0,2098,0,3615,0,1274,0,9762,0,3420,0,6714,0,17854,0,6538,0,138,0,7686,0,3,0,190,0,1443,0,1844,0,1352,0,5677,0,5105,0,12965,0,3523,0,1309,0,213,0,2252,0,3693,0,18,0,4228,0,5657,0,671,0,2333,0,372,0,805,0,3629,0,11881,0,20809,0,6194,0,5402,0,23659,0,210,0,3160,0,7200,0,818,0,1946,0,1962,0,1316,0,2414,0,4357,0,1308,0,1129,0,2704,0,1117,0,8898,0,4370,0,9662,0,4781,0,7864,0,1716,0,2344,0,2242,0,699,0,801,0,2169,0,2984,0,1851,0,2603,0,216,0,1279,0,1452,0,231,0,6008,0,1912,0,2480,0,7764,0,4673,0,3268,0,1757,0,9195,0,8604,0,47,0,2427,0,3558,0,9344,0,684,0,707,0,222,0,6210,0,1143,0,484,0,643,0,3664,0,3369,0,4991,0,6674,0,7081,0,2719,0,5619,0,3562,0,224,0,6606,0,0,0,3070,0,2370,0,4246,0,5,0,53,0,231,0,1720,0,3158,0,7279,0,5350,0,4044,0,6823,0,3863,0,7344,0,4452,0,3014,0,2531,0,6046,0,664,0,974,0,1665,0,411,0,1530,0,1365,0,1595,0,2274,0,12211,0,4037,0,3263,0,1554,0,12,0,160,0,1113,0,1675,0,4003,0,1619,0,3153,0,1978,0,1933,0,5312,0,6654,0,4240,0,246,0,17011,0,5861,0,27,0,7201,0,0,0,70,0,11396,0,5771,0,6975,0,4139,0,3806,0,27,0,305,0,2208,0,131,0,1567,0,23078,0,5853,0,7483,0,1421,0,410,0,2849,0,3502,0,3156,0,287,0,505,0,5129,0,1055,0,7386,0,291,0,243,0,4229,0,3802,0,2879,0,2,0,1673,0,10380,0,5074,0,3101,0,7172,0,3075,0,2769,0,1421,0,3932,0,4152,0,687,0,3441,0,2105,0,5188,0,4103,0,1610,0,6766,0,4385,0,67,0,2421,0,2086,0,1078,0,3892,0,11545,0,12,0,4451,0,761,0,4112,0,2374,0,1447,0,2796,0,1058,0,1903,0,2124,0,4956,0,27,0,3084,0,9123,0,2400,0,937,0,1738,0,13053,0,2489,0,1241,0,2969,0,8423,0,5,0,8426,0,6349,0,228,0,2201,0,1036,0,2800,0,2463,0,50,0,1635,0,660,0,4559,0,4811,0,3500,0,3978,0,1195,0,224,0,8261,0,10386,0,204,0,7934,0,2776,0,634,0,1601,0,12485,0,4057,0,9619,0,3102,0,3536,0,789,0,4777,0,12124,0,1238,0,4482,0,3360,0,3103,0,1844,0,811,0,7220,0,0,0,2269,0,0,0,228,0,3415,0,1251,0,1036,0,257,0,5431,0,2431,0,2123,0,258,0,4301,0,6451,0,8474,0,5200,0,4063,0,14383,0,431,0,1988,0,4836,0,6465,
0,7167,0,14736,0,5852,0,2666,0,125,0,1505,0,77,0,2117,0,134,0,612,0,5090,0,6578,0,3647,0,3678,0,6796,0,1720,0,102,0,699,0,1858,0,2202,0,2764,0,4029,0,1121,0,267,0,11623,0,3296,0,6185,0,5706,0,175,0,9960,0,5875,0,6878,0,11337,0,16572,0,2602,0,4012,0,1189,0,4267,0,2505,0,510,0,2601,0,3920,0,1904,0,1413,0,10412,0,1804,0,8375,0,6551,0,30648,0,466,0,59,0,11692,0,1660,0,15341,0,4055,0,14771,0,120,0,3036,0,122,0,2442,0,8133,0,1800,0,788,0,25,0,4679,0,3803,0,5269,0,2505,0,20093,0,3744,0,1797,0,2149,0,16851,0,2016,0,517,0,3696,0,4344,0,3386,0,1161,0,3186,0,2304,0,5524,0,14858,0,1004,0,726,0,1961,0,5559,0,13,0,2801,0,4434,0,185,0,308,0,3452,0,1125,0,2351,0,1750,0,2214,0,488,0,4804,0,6754,0,293,0,4,0,8860,0,2976,0,2207,0,1895,0,888,0,4087,0,1848,0,13878,0,6320,0,5406,0,1500,0,3808,0,2361,0,1833,0,5256,0,7250,0,3656,0,5360,0,8814,0,4708,0,4567,0,8385,0,8302,0,863,0,1472,0,4513,0,4924,0,2072,0,8048,0,1283,0,1841,0,7636,0,2946,0,5367,0,1169,0,4469,0,568,0,294,0,4304,0,3691,0,4357,0,953,0,4529,0,1731,0,2251,0,10661,0,1663,0,4787,0,7902,0,1376,0,2017,0,7736,0,2201,0,4393,0,6813,0,1864,0,5834,0,5909,0,12930,0,0,0,5713,0,3143,0,2131,0,4315,0,1585,0,683,0,7464,0,5192,0,2686,0,2706,0,4551,0,235,0,4803,0,2926,0,2082,0,5508,0,3028,0,105,0,3680,0,7143,0,3228,0,3599,0,188,0,5164,0,1109,0,4622,0,7649,0,5275,0,2074,0,1744,0,3172,0,1756,0,2841,0,2549,0,3566,0,4442,0,858,0,719,0,2981,0,3156,0,5469,0,348,0,2142,0,9295,0,5189,0,4891,0,618,0,2400,0,2310,0,208,0,3065,0,8138,0,7,0,7375,0,3417,0,5402,0,4088,0,3946,0,587,0,11080,0,229,0,2339,0,1005,0,2051,0,198,0,1783,0,2921,0,431,0,2262,0,2974,0,5240,0,3175,0,6944,0,4532,0,1475,0,4324,0,3181,0,4121,0,2135,0,1742,0,6216,0,1170,0,4065,0,4796,0,1167,0,1396,0,2370,0,1573,0,2478,0,4187,0,24285,0,11,0,4591,0,1224,0,1558,0,9832,0,2379,0,8719,0,2976,0,6,0,2823,0,96,0,2730,0,1241,0,5919,0,5471,0,705,0,678,0,1774,0,3398,0,3448,0,3346,0,3810,0,3900,0,2386,0,5379,0,877,0,1677,0,9186,0,7596,0,6477,0,134,0,268,0,3488,0,5545,0,3221,0,5309,0,766,0,3240,0,1928,0,2102,0,2137,0,2287,0,717,0,96,0,581,0,616,0,15766,0,5532,0,2549,0,2512,0,5599,0,1109,0,885,0,366,0,2065,0,5032,0,4509,0,2695,0,1178,0,69,0,4541,0,8919,0,174,0,1130,0,2647,0,3600,0,5071,0,5848,0,3326,0,112,0,8072,0,4416,0,423,0,0,0,10066,0,4511,0,7409,0,4721,0,4414,0,2398,0,1541,0,32,0,6048,0,6455,0,797,0,6787,0,4431,0,6956,0,2376,0,4034,0,3149,0,8378,0,3453,0,5737,0,2140,0,3706,0,2663,0,1702,0,1924,0,1108,0,3116,0,4772,0,5618,0,2222,0,4950,0,179,0,1024,0,1964,0,2264,0,2747,0,3431,0,3823,0,2357,0,552,0,1913,0,5153,0,228,0,1354,0,1809,0,1661,0,1217,0,7,0,924,0,2684,0,3162,0,3885,0,3238,0,2287,0,14602,0,7101,0,2866,0,2308,0,1904,0,6613,0,381,0,2154,0,2572,0,1970,0,2538,0,0,0,304,0,504,0,2315,0,1993,0,3619,0,1383,0,408,0,9,0,1123,0,325,0,2515,0,3279,0,4317,0,1795,0,7311,0,8309,0,4845,0,4565,0,1782,0,1744,0,2476,0,41,0,11404,0,3014,0,4713,0,815,0,138,0,2225,0,947,0,2132,0,2770,0,3018,0,3157,0,787,0,3667,0,478,0,3682,0,3062,0,1544,0,9508,0,3013,0,1942,0,564,0,9049,0,61,0,338,0,2888,0,500,0,2764,0,4646,0,310,0,9810,0,3757,0,8598,0,1728,0,6375,0,8620,0,587,0,7,0,8109,0,3861,0,1449,0,4494,0,1117,0,0,0,1568,0,198,0,4261,0,2176,0,41,0,4925,0,5505,0,3714,0,2284,0,15,0,1776,0,6734,0,7202,0,4424,0,4660,0,2842,0,5384,0,12986,0,3860,0,4163,0,10795,0,7966,0,6121,0,8208,0,4659,0,400,0,559,0,5904,0,3468,0,2780,0,312,0,3379,0,10495,0,15625,0,1992,0,2550,0,3175,0,5674,0,4857,0,2334,0,10001,0,4307,
0,0,0,0,0,0,0,0,0,0,0,0,0,0,0,0,0,0,0,0,0,0,0,0,0,0,0,0,0,0,0,0,0,0,0,0,0,0,0,0,0,0,0,0,0,0,0,0,0,0,0,0,0,0,0,0,0,0,0,0,0,0,0,0,0,0,0,0,0,0,0,0,0,0,0,0,0,0,0,0,0,0,0,0,0,0,0,0,0,0,0,0,0,0,0,0,0,0,0,0,0,0,0,0,0,0,0,0,0,0,0,0,0,0,0,0,0,0,0,0,0,0,0,0,0,0,0,0,0,0,0,0,0,0,0,0,0,0,0,0,0,0,0,0,0,0,0,0,0,0,0,0,0,0,0,0,0,0,0,0,0,0,0,0,0,0,0,0,0,0,0,0,0,0,0,0,0,0,0,0,0,0,0,0,0,0,0,0,0,0,0,0,0,0,0,0,0,0,0,0,0,0,0,0,0,0,0,0,0,0,0,0,0,0,0,0,0,0,0,0,0,0,0,0,0,0,0,0,0,0,0,0,0,0,0,0,0,0,0,0,0,0,0,0,0,0,0,0,0,0,0,0,0,0,0,0,0,0,0,0,0,0,0,0,0,0,0,0,0,0,0,0,0,0,0,0,0,0,0,0,0,0,0,0,0,0,0,0,0,0,0,0,0,0,0,0,0,0,0,0,0,0,0,0,0,0,0,0,0,0,0,0,0,0,0,0,0,0,0,0,0,0,0,0,0,0,0,0,0,0,0,0,0,0,0,0,0,0,0,0,0,0,0,0,0,0,0,0,0,0,0,0,0,0,0,0,0,0,0,0,0,0,0,0,0,0,0,0,0,0,0,0,0,0,0,0,0,0,0,0,0,0,0,0,0,0,0,0,0,0,0,0,0,0,0,0,0,0,0,0,0,0,0,0,0,0,0,0,0,0,0,0,0,0,0,0,0,0,0,0,0,0,0,0,0,0,0,0,0,0,0,0,0,0,0,0,0,0,0,0,0,0,0,0,0,0,0,0,0,0,0,0,0,0,0,0,0,0,0,0,0,0,0,0,0,0,0,0,0,0,0,0,0,0,0,0,0,0,0,0,0,0,0,0,0,0,0,0,0,0,0,0,0,0,0,0,0,0,0,0,0,0,0,0,0,0,0,0,0,0,0,0,0,0,0,0,0,0,0,0,0,0,0,0,0,0,0,0,0,0,0,0,0,0,0,0,0,0,0,0,0,0,0,0,0,0,0,0,0,0,0,0,0,0,0,0,0,0,0,0,0,0,0,0,0,0,0,0,0,0,0,0,0,0,0,0,0,0,0,0,0,0,0,0,0,0,0,0,0,0,0,0,0,0,0,0,0,0,0,0,0,0,0,0,0,0,0,0,0,0,0,0,0,0,0,0,0,0,0,0,0,0,0,0,0,0,0,0,0,0,0,0,0,0,0,0,0,0,0,0,0,0,0,0,0,0,0,0,0,0,0,0,0,0,0,0,0,0,0,0,0,0,0,0,0,0,0,0,0,0,0,0,0,0,0,0,0,0,0,0,0,0,0,0,0,0,0,0,0,0,0,0,0,0,0,0,0,0,0,0,0,0,0,0,0,0,0,0,0,0,0,0,0,0,0,0,0,0,0,0,0,0,0,0,0,0,0,0,0,0,0,0,0,0,0,0,0,0,0,0,0,0,0,0,0,0,0,0,0,0,0,0,0,0,0,0,0,0,0,0,0,0,0,0,0,0,0,0,0,0,0,0,0,0,0,0,0,0,0,0,0,0,0,0,0,0,0,0,0,0,0,0,0,0,0,0,0,0,0,0,0,0,0,0,0,0,0,0,0,0,0,0,0,0,0,0,0,0,0,0,0,0,0,0,0,0,0,0,0,0,0,0,0,0,0,0,0,0,0,0,0,0,0,0,0,0,0,0,0,0,0,0,0,0,0,0,0,0,0,0,0,0,0,0,0,0,0,0,0,0,0,0,0,0,0,0,0,0,0,0,0,0,0,0,0,0,0,0,0,0,0,0,0,0,0,0,0,0,0,0,0,0,0,0,0,0,0,0,0,0,0,0,0,0,0,0,0,0,0,0,0,0,0,0,0,0,0,0,0,0,0,0,0,0,0,0,0,0,0,0,0,0,0,0,0,0,0,0,0,0,0,0,0,0,0,0,0,0,0,0,0,0,0,0,0,0,0,0,0,0,0,0,0,0,0,0,0,0,0,0,0,0,0,0,0,0,0,0,0,0,0,0,0,0,0,0,0,0,0,0,
0,88847,0,69390,0,64976,0,40043,0,83848,0,100555,0,105408,0,73508,0,41066,0,68600,0,109055,0,138592,0,154003,0,41939,0,35649,0,56598,0,110223,0,17424,0,61758,0,24599,0,208476,0,67781,0,133049,0,71222,0,43591,0,44628,0,93355,0,77310,0,114382,0,107526,0,61962,0,67524,0,16541,0,68673,0,120973,0,60184,0,34289,0,68388,0,24994,0,83754,0,121610,0,58642,0,78100,0,46543,0,53935,0,118193,0,99397,0,51823,0,123022,0,83643,0,198814,0,90942,0,101412,0,52432,0,137825,0,73497,0,51742,0,38412,0,75464,0,67096,0,129219,0,46774,0,40022,0,14709,0,35242,0,71105,0,71983,0,33335,0,74655,0,42683,0,35805,0,57304,0,65453,0,111945,0,65212,0,103450,0,20828,0,127799,0,31440,0,25327,0,57925,0,104270,0,46513,0,72900,0,47642,0,100180,0,17400,0,45390,0,26371,0,55137,0,138675,0,63455,0,74358,0,33591,0,48659,0,116441,0,46145,0,65521,0,161378,0,9350,0,110874,0,99255,0,94524,0,64391,0,23484,0,69621,0,138210,0,40588,0,84732,0,113597,0,110523,0,79759,0,108229,0,35729,0,43749,0,86296,0,54625,0,39926,0,70124,0,77976,0,106692,0,109227,0,63989,0,56493,0,66715,0,68407,0,127535,0,33944,0,41673,0,72390,0,45850,0,158319,0,44240,0,76622,0,92163,0,54553,0,91539,0,139277,0,81026,0,129020,0,58146,0,56546,0,36195,0,21494,0,94540,0,96962,0,38079,0,80126,0,71007,0,86134,0,25806,0,115002,0,61814,0,65188,0,100302,0,56613,0,85527,0,145412,0,123571,0,134841,0,15420,0,99223,0,75344,0,74451,0,101042,0,56478,0,2717,0,78723,0,14583,0,144266,0,108489,0,33382,0,100091,0,90066,0,124764,0,86557,0,96986,0,86605,0,98970,0,46953,0,95570,0,84713,0,11641,0,105061,0,44338,0,48610,0,74822,0,127169,0,101264,0,115016,0,77638,0,65650,0,79796,0,113128,0,70100,0,79729,0,101864,0,86272,0,26205,0,70079,0,39590,0,50035,0,65649,0,60792,0,101444,0,32299,0,69274,0,44941,0,137326,0,12709,0,138501,0,44257,0,82596,0,50319,0,67249,0,79855,0,52708,0,75086,0,74259,0,64691,0,103401,0,96880,0,36827,0,103980,0,56741,0,104429,0,112348,0,37792,0,39032,0,34869,0,114687,0,54297,0,75806,0,116704,0,33908,0,130963,0,56178,0,5631,0,81035,0,103028,0,125434,0,117722,0,143661,0,87800,0,97849,0,79242,0,10456,0,52532,0,85503,0,187717,0,83349,0,41635,0,6785,0,80363,0,75837,0,41446,0,62224,0,97353,0,87180,0,33397,0,36216,0,79134,0,80037,0,15246,0,94582,0,92883,0,143523,0,148035,0,69354,0,100131,0,44095,0,45627,0,64077,0,73013,0,88267,0,77331,0,58761,0,71149,0,16141,0,70721,0,22243,0,45499,0,51046,0,53996,0,21048,0,86897,0,60508,0,101462,0,12972,0,70244,0,82985,0,98188,0,54774,0,47054,0,74757,0,82439,0,173579,0,71951,0,116944,0,71244,0,127385,0,55872,0,119953,0,62242,0,60924,0,83705,0,53264,0,83501,0,105819,0,60315,0,37544,0,34220,0,74132,0,55641,0,0,0,52650,0,53291,0,81263,0,70980,0,98537,0,64103,0,23957,0,73998,0,93117,0,47311,0,27001,0,25587,0,65872,0,60129,0,30381,0,81299,0,102940,0,58751,0,78377,0,103452,0,118133,0,86795,0,49804,0,25703,0,79273,0,95604,0,55986,0,30555,0,68773,0,72282,0,69652,0,119400,0,64995,0,124297,0,54030,0,156391,0,57625,0,88522,0,42060,0,95482,0,200668,0,22173,0,75665,0,59818,0,94196,0,59863,0,151714,0,54764,0,99323,0,97369,0,100100,0,75601,0,25045,0,119436,0,10213,0,45356,0,112882,0,100330,0,28452,0,26002,0,52142,0,57646,0,71066,0,68653,0,78870,0,78890,0,67412,0,37024,0,143307,0,68047,0,50685,0,103041,0,97019,0,75179,0,110178,0,75912,0,42696,0,43573,0,54026,0,57208,0,110416,0,93750,0,84804,0,68732,0,157941,0,34631,0,105056,0,75320,0,103045,0,41368,0,67568,0,64945,0,33450,0,94057,0,27802,0,119209,0,77681,0,63404,0,43146,0,138714,0,84296,0,93912,0,77411,0,59464,0,70399,0,58214,0,98061,0,34830,0,145858,0,132660,0,49462,0,97083,0,36118,0,106562,0,44743,0,28416,0,101025,0,72526,0,76568,0,134135,0,112399,0,85177,0,45009,0,79438,0,92971,0,102111,0,101156,0,123635,0,30696,0,38924,0,30506,0,58479,0,49188,0,68771,0,128600,0,108696,0,78927,0,40575,0,114384,0,79382,0,79816,0,47147,0,74877,0,35373,0,83867,0,46419,0,24643,0,71632,0,78507,0,55180,0,41550,0,75944,0,68905,0,53389,0,37484,0,152243,0,63408,0,51480,0,73484,0,31442,0,87357,0,77736,0,66619,0,27513,0,124170,0,60657,0,103907,0,23279,0,34327,0,43962,0,51934,0,64380,0,59472,0,129980,0,114500,0,47949,0,50795,0,78033,0,60001,0,55427,0,41313,0,70870,0,41026,0,50718,0,106139,
0,83857,0,83830,0,37160,0,34563,0,48587,0,66780,0,28081,0,85142,0,82602,0,64458,0,61108,0,23346,0,15225,0,76762,0,18275,0,37951,0,60449,0,33147,0,59843,0,73653,0,31043,0,69349,0,46837,0,14916,0,103907,0,53709,0,46291,0,61607,0,66706,0,52000,0,23804,0,21293,0,50473,0,97194,0,53223,0,50461,0,57656,0,51607,0,89674,0,10612,0,15547,0,16445,0,70133,0,17300,0,23091,0,45994,0,32314,0,18626,0,68065,0,27716,0,41243,0,88780,0,72743,0,62726,0,26073,0,43277,0,34351,0,59019,0,50301,0,61609,0,41698,0,59194,0,68678,0,79053,0,37236,0,43832,0,40429,0,61494,0,145368,0,38961,0,46615,0,73435,0,31454,0,54618,0,83870,0,73108,0,104231,0,83066,0,31750,0,53434,0,56669,0,51350,0,45313,0,48630,0,75500,0,58568,0,54685,0,37828,0,108941,0,96785,0,34792,0,70056,0,89510,0,12754,0,51498,0,21355,0,23810,0,64966,0,78878,0,62252,0,77310,0,46491,0,27837,0,53735,0,6361,0,86930,0,31495,0,75318,0,71946,0,42755,0,35950,0,87112,0,37137,0,57600,0,74023,0,65340,0,112578,0,51858,0,128118,0,90407,0,121058,0,32958,0,16139,0,43308,0,71182,0,53227,0,22503,0,92272,0,54222,0,81914,0,44799,0,44136,0,19820,0,66302,0,85477,0,42786,0,15916,0,65722,0,68802,0,89363,0,56289,0,22654,0,44037,0,42270,0,75947,0,88894,0,67662,0,21437,0,94733,0,59631,0,130997,0,36731,0,40655,0,36103,0,105811,0,53158,0,58871,0,61049,0,67066,0,35534,0,106502,0,52506,0,53539,0,61864,0,38834,0,49815,0,61248,0,86923,0,53964,0,102658,0,31185,0,79322,0,55193,0,85773,0,51356,0,41556,0,33092,0,56276,0,28314,0,56143,0,13099,0,43800,0,42399,0,146518,0,91868,0,57052,0,49225,0,53994,0,74064,0,59825,0,15807,0,71852,0,103835,0,58278,0,19492,0,41637,0,63872,0,50101,0,39491,0,36909,0,36710,0,67283,0,89263,0,97694,0,64795,0,89783,0,53609,0,87325,0,26425,0,42631,0,55847,0,109194,0,40030,0,20538,0,35409,0,49617,0,30170,0,84865,0,69279,0,12414,0,73356,0,37458,0,38998,0,97804,0,46539,0,87216,0,67891,0,32279,0,60467,0,93164,0,91057,0,100526,0,71659,0,37742,0,26436,0,68697,0,81571,0,91717,0,45783,0,80181,0,34061,0,32192,0,39039,0,64388,0,16744,0,62826,0,59875,0,61362,0,16582,0,35663,0,42126,0,74728,0,52190,0,14119,0,20542,0,37833,0,43862,0,33686,0,28708,0,93553,0,69245,0,82002,0,50727,0,69808,0,30958,0,74422,0,14754,0,23507,0,19986,0,19575,0,75672,0,81800,0,19886,0,48314,0,56456,0,78407,0,66785,0,48695,0,56465,0,39924,0,87005,0,131966,0,38974,0,31532,0,41317,0,67726,0,29381,0,53323,0,103774,0,46121,0,61492,0,28631,0,47406,0,64945,0,35817,0,65264,0,78936,0,9125,0,56358,0,128571,0,84090,0,70281,0,72601,0,50172,0,10570,0,74740,0,33328,0,16626,0,60742,0,41460,0,34413,0,70161,0,27310,0,65691,0,62457,0,75074,0,12298,0,40743,0,94249,0,60485,0,75804,0,37623,0,61762,0,81322,0,67203,0,31146,0,0,0,43759,0,58465,0,106086,0,38666,0,123309,0,89539,0,39085,0,41088,0,20601,0,62482,0,38352,0,21328,0,78718,0,115293,0,88869,0,63328,0,24407,0,87884,0,50475,0,52277,0,62684,0,102171,0,33999,0,19941,0,56420,0,47735,0,28913,0,30189,0,19027,0,53877,0,51992,0,34525,0,74318,0,29055,0,125760,0,122104,0,60055,0,95784,0,43137,0,73003,0,24479,0,53666,0,91607,0,34946,0,84450,0,57316,0,82212,0,52842,0,75020,0,17649,0,56729,0,35249,0,81072,0,38331,0,18156,0,53195,0,33785,0,84997,0,44821,0,52826,0,46607,0,16240,0,38537,0,45279,0,86010,0,34189,0,13918,0,27470,0,25107,0,50948,0,66709,0,76680,0,50413,0,61598,0,103229,0,86888,0,59159,0,22579,0,32931,0,98380,0,16941,0,76399,0,79663,0,24121,0,111718,0,101894,0,65170,0,37151,0,55374,0,82355,0,42853,0,76088,0,25136,0,127232,0,23004,0,56759,0,46031,0,26842,0,84312,0,38906,0,87055,0,96748,0,81496,0,37648,0,19811,0,35813,0,75769,0,29410,0,50912,0,35128,0,80676,0,76028,0,28318,0,47275,0,40168,0,30695,0,56588,0,24815,0,104705,0,55254,0,104253,0,20843,0,30201,0,58879,0,72850,0,71602,0,101927,0,84600,0,32226,0,77264,0,29208,0,51266,0,22290,0,67898,0,58863,0,11973,0,69780,0,18270,0,98082,0,49541,0,104072,0,28018,0,48753,0,58171,0,72519,0,93890,0,17664,0,50241,0,38195,0,114563,0,58895,0,43113,0,20946,0,33958,0,80593,0,14554,0,60797,0,76859,0,47914,0,47971,0,78375,0,127240,0,47817,0,50811,0,82099,0,74495,0,13374,0,66978,0,29991,0,28184,0,50816,0,70397,0,68017,
0,87478,0,39477,0,61071,0,105026,0,45085,0,46686,0,67840,0,4572,0,21063,0,134336,0,9780,0,83359,0,0,0,9408,0,21064,0,64508,0,42244,0,0,0,122197,0,100964,0,44730,0,55135,0,51503,0,23442,0,0,0,45760,0,48900,0,103582,0,68958,0,93710,0,152564,0,74640,0,10061,0,60873,0,44569,0,117653,0,113255,0,54279,0,47216,0,12082,0,210401,0,115134,0,81592,0,87552,0,128254,0,33251,0,79516,0,81675,0,40671,0,126585,0,125656,0,61885,0,48003,0,67188,0,76188,0,35843,0,47098,0,93058,0,25585,0,99281,0,124438,0,0,0,121959,0,59134,0,69292,0,91034,0,21405,0,11947,0,138347,0,23694,0,80290,0,84674,0,88286,0,28860,0,67121,0,28996,0,26250,0,19725,0,89609,0,18445,0,55832,0,66845,0,65289,0,45062,0,138945,0,80296,0,14913,0,33362,0,46594,0,60790,0,18425,0,90972,0,63965,0,89914,0,133054,0,61298,0,127260,0,37556,0,6797,0,89188,0,47267,0,24838,0,43838,0,132403,0,17207,0,29162,0,79278,0,82618,0,32281,0,81802,0,87058,0,48014,0,102523,0,25861,0,33467,0,2711,0,30393,0,11131,0,76574,0,63511,0,42126,0,17614,0,98463,0,59147,0,30722,0,43369,0,75889,0,130569,0,0,0,77926,0,795,0,4869,0,67804,0,65150,0,49259,0,66256,0,73058,0,28481,0,31263,0,86490,0,15501,0,66971,0,42653,0,33143,0,17530,0,60282,0,55222,0,105699,0,84169,0,68652,0,145947,0,48347,0,17186,0,72542,0,170166,0,42521,0,81982,0,83782,0,47308,0,36645,0,21447,0,48614,0,48777,0,59809,0,68314,0,78800,0,18748,0,62575,0,39647,0,37072,0,53685,0,57385,0,215872,0,21441,0,37111,0,63069,0,96658,0,128643,0,35043,0,27085,0,21466,0,56099,0,16776,0,145530,0,110476,0,34003,0,84110,0,51555,0,151674,0,109676,0,77232,0,17138,0,53557,0,111920,0,35365,0,95342,0,57302,0,92242,0,80540,0,95052,0,68146,0,91816,0,104414,0,122591,0,40371,0,136218,0,85888,0,41507,0,129994,0,27071,0,35438,0,56284,0,59605,0,48328,0,77485,0,50478,0,72830,0,23010,0,25532,0,56911,0,130137,0,55633,0,43018,0,134285,0,31741,0,45660,0,43449,0,85522,0,65501,0,81223,0,79590,0,54728,0,74704,0,41505,0,92697,0,91217,0,81399,0,48714,0,98401,0,102102,0,17386,0,97665,0,95005,0,39863,0,39681,0,25601,0,192876,0,50293,0,94032,0,188306,0,43075,0,58090,0,83980,0,10368,0,111916,0,53893,0,27678,0,27358,0,29258,0,155396,0,22703,0,37467,0,114051,0,15836,0,24655,0,121494,0,66322,0,70946,0,86419,0,139625,0,78980,0,86248,0,66093,0,66717,0,27164,0,43991,0,67464,0,44611,0,58187,0,82200,0,48437,0,100822,0,97260,0,15629,0,94103,0,105852,0,53012,0,28176,0,105682,0,62214,0,17624,0,135629,0,47370,0,121803,0,97398,0,2954,0,34736,0,107339,0,105801,0,67092,0,67648,0,147806,0,76983,0,27667,0,20684,0,17064,0,54284,0,78474,0,25893,0,97095,0,31201,0,116036,0,36875,0,50037,0,45618,0,40104,0,34357,0,0,0,18558,0,97447,0,59573,0,17199,0,33513,0,122053,0,88880,0,103843,0,122829,0,94208,0,35302,0,126585,0,54245,0,117450,0,55826,0,55674,0,100660,0,1438,0,31337,0,81342,0,80632,0,80542,0,53016,0,93322,0,97747,0,49077,0,45756,0,10394,0,56157,0,88551,0,58813,0,105917,0,91228,0,30999,0,64365,0,46180,0,24717,0,84404,0,56020,0,13479,0,92746,0,77530,0,104707,0,110898,0,30366,0,32300,0,209786,0,78762,0,48983,0,46494,0,37903,0,13589,0,42740,0,132359,0,152458,0,58330,0,69330,0,101065,0,25668,0,11361,0,55422,0,120751,0,33506,0,101033,0,175364,0,203326,0,36901,0,117286,0,31609,0,127411,0,120408,0,38554,0,22114,0,79149,0,75617,0,34569,0,37958,0,75259,0,37190,0,38594,0,114001,0,97175,0,297395,0,54149,0,88917,0,7872,0,15257,0,60047,0,34823,0,71125,0,50137,0,18429,0,37826,0,139124,0,14120,0,38901,0,137907,0,45108,0,127730,0,25066,0,34812,0,13395,0,144997,0,105555,0,104937,0,74641,0,40899,0,130192,0,57231,0,66346,0,324,0,60382,0,5019,0,73858,0,62401,0,27833,0,47420,0,80231,0,59817,0,1384,0,74567,0,128896,0,93264,0,51429,0,41625,0,120230,0,122339,0,108780,0,66440,0,52278,0,31558,0,16469,0,103648,0,91126,0,93901,0,19828,0,39260,0,47021,0,44740,0,48455,0,58278,0,32997,0,82935,0,43362,0,68839,0,64818,0,48195,0,27483,0,24479,0,126926,0,124794,0,49598,0,51707,0,16204,0,68850,0,55466,0,39132,0,75643,0,110923,0,94634,0,56225,0,17388,0,10555,0,73197,0,32184,0,48351,0,54915,0,42317,0,24936,0,100739,0,73008,0,207031,0,36614,0,102781,0,44498,0,71131,0,105856,0,179872,0,111542,0,13141,0,51513,0,21750,
Weights:
1067,970,1233,1185,1420,677,912,865,998,1188,1146,891,1309,719,934,1033,629,1188,1090,698,810,1219,925,955,976,1041,892,537,766,733,953,596,1052,835,1184,680,896,1112,1180,662,730,997,784,791,991,1154,1027,916,659,955,1201,901,925,919,1179,735,800,764,1334,1063,1445,980,1030,705,1127,986,1130,834,1041,1279,1259,961,1454,828,787,795,920,604,1015,692,1158,646,1153,850,994,699,1022,746,971,899,940,944,1186,714,939,912,612,864,1068,838,1107,988,1536,1341,1210,1083,847,695,955,1064,746,574,1077,1031,1278,694,1077,1158,605,1202,922,1190,761,928,762,707,657,1104,726,1008,839,826,1057,917,971,840,950,861,1034,1072,1008,989,1358,998,1081,653,991,1172,969,674,1169,780,1231,991,804,584,839,687,1127,1076,988,1105,806,1295,966,1138,1303,506,904,935,1252,1247,786,402,537,814,1175,697,1366,850,878,1217,1258,793,1671,1017,1055,1127,948,1019,1231,1051,844,979,812,695,756,873,779,620,853,959,1006,921,1202,903,993,1247,858,905,1192,970,1285,1010,1109,1089,785,837,865,923,1262,1515,835,958,575,857,954,1224,607,976,1270,877,731,799,1089,838,839,920,983,743,1105,1355,1056,1003,987,878,1020,756,892,892,994,929,1756,1012,1082,973,989,1003,785,1002,1254,984,1108,1104,1327,684,1107,856,948,863,1422,642,1136,1149,986,683,976,746,946,1127,726,1002,755,1179,1294,1031,1087,869,689,925,1179,808,1315,1167,1068,657,766,985,1372,1042,1209,805,722,915,846,1004,894,1113,1061,1195,748,882,1108,1232,785,959,756,1194,886,1078,1155,790,792,1030,910,962,1436,970,1026,1320,1133,947,797,583,1207,1346,934,716,827,918,1198,1049,1189,630,1296,830,1174,821,802,1149,1029,788,735,813,712,551,1114,1361,1087,713,760,1039,780,938,751,888,1324,1406,1130,989,561,1178,914,981,966,1021,629,1211,860,960,892,999,713,1276,1056,865,579,638,935,1106,806,1116,833,991,1225,1206,856,988,1067,838,1076,724,847,704,993,937,882,716,1096,843,934,1029,1150,1061,972,917,683,1003,847,600,793,1194,1162,1114,1244,1089,720,1013,1195,1114,1326,878,890,810,1009,889,1296,1335,1165,613,786,891,887,1063,1174,922,616,649,679,917,847,1008,1245,751,1141,746,823,701,948,738,1462,1292,902,889,1175,996,1263,1156,731,777,1494,1279,751,1315,1064,610,1041,1095,883,977,984,1029,799,909,691,961,847,1400,1060,1090,653,1325,977,641,1136,725,702,924,867,816,810,973,998,786,841,647,938,920,719,1055,905,906,794,981,891,717,891,925,874,680,896,1035,829,708,628,766,894,534,934,1364,1018,787,714,996,935,956,816,961,701,885,1222,959,808,724,1172,1142,1059,711,756,1265,1163,973,599,855,1110,977,1423,1079,1646,992,949,968,1782,817,733,765,1089,960,1271,1101,667,1059,1085,741,912,860,1529,925,867,960,1126,1187,1148,683,708,1079,898,985,810,780,855,939,1790,1253,556,1025,1373,585,1407,1012,652,1069,1003,1059,859,938,785,857,1312,1056,1122,672,1045,1541,818,680,1103,1257,922,826,1433,985,884,1182,852,981,615,914,1362,727,1074,1081,861,1077,855,766,1207,792,877,1078,1007,812,987,1021,831,729,1234,935,726,845,1001,925,1003,953,754,1020,1311,1042,1029,843,1072,797,996,1027,1321,833,1052,1025,1008,835,939,912,1141,1183,849,854,1153,730,1311,1192,809,836,1185,794,1091,808,832,1265,809,977,1313,742,864,966,1107,820,730,1302,839,713,878,696,779,794,987,1306,1253,961,925,1367,1114,635,1166,1149,915,1181,909,756,1179,696,918,846,984,691,1154,1243,1540,1058,919,1004,816,965,1249,919,871,818,909,949,930,781,807,791,1062,1130,984,811,780,823,897,976,700,554,661,995,799,936,1634,1041,779,628,963,990,1201,942,1188,769,1028,860,852,810,992,955,963,797,1047,846,795,690,798,763,1243,1138,985,720,1241,1167,1161,801,1204,763,1281,938,1174,1088,1353,746,849,992,890,1044,961,1253,1112,893,1071,887,1025,972,1065,907,889,787,722,823,775,1170,962,1195,1003,897,812,664,1047,872,889,605,1093,1346,962,824,781,1061,1051,890,1077,925,1367,1180,917,1027,1127,790,822,1010,1216,904,923,1039,1220,1017,1234,1116,859,838,807,1141,946,1394,706,831,777,862,1129,979,996,893,862,1308,892,715,950,1120,1004,1078,1089,647,759,758,681,609,898,995,1297,816,926,873,950,849,604,829,871,680,1243,938,567,804,1412,1001,894,905,1142,1026,1228,890,1054,1218,849,1020,899,1155,919,938,1076,838,892,1191,1159,915,749,1106,823,1174,1225,598,1237,792,936,874,935,768,1041,673,1261,1075,838,1347,643,985,1368,1023,848,783,1061,1094,699,870,718,932,1007,703,865,718,1014,1182,1154,683,1096,1260,819,1211,1145,1077,889,1189,906,1162,1157,873,1208,966,1313,884,997,826,974,530,852,825,1001,1227,1096,1059,1029,689,1159,1112,1090,1167,935,951,726,1001,1021,771,833,800,1090,802,914,801,
1162,543,1043,800,1305,1156,1154,956,1022,945,1028,1081,1030,840,966,869,1155,695,1200,1316,1245,715,1608,899,1059,853,1026,604,862,1271,932,632,1294,1012,866,933,1205,1300,1269,526,964,729,1035,1392,1014,1044,921,799,1222,670,924,1062,833,699,1087,925,1102,1207,1030,864,1172,911,916,957,926,920,902,829,824,866,1018,892,1197,844,1365,622,1215,1011,1038,884,1282,966,880,966,943,809,719,453,1245,812,976,913,1081,901,827,857,1225,701,1239,1025,1001,635,1219,656,1290,789,1216,699,744,821,989,807,1090,977,1145,930,917,751,1356,958,1051,1019,1329,972,1477,934,932,847,830,978,959,735,822,1079,978,729,1157,793,750,768,1148,1316,691,907,1179,1020,981,1043,832,1155,949,719,1025,769,1014,964,1263,723,949,894,905,803,851,843,1301,826,731,766,912,1172,1145,1119,928,788,1305,1001,1242,543,799,845,962,789,1331,858,863,787,635,661,1286,732,869,518,836,811,1241,585,1148,728,1244,883,977,1174,892,893,841,845,1182,1099,636,599,1444,735,1010,961,929,899,1469,1144,923,1125,1252,536,1420,936,1113,740,1054,1045,1103,592,1138,665,1020,947,703,1048,1295,1149,900,913,1030,991,1061,1039,1220,391,999,744,583,750,794,886,1658,984,723,1228,994,1139,778,965,777,876,1085,689,1106,951,1127,1108,1237,622,1048,1069,1156,719,693,1008,1048,1033,1220,779,1184,934,750,861,1137,936,1119,854,1342,1552,1188,813,902,910,786,714,1121,1251,1194,1073,851,1017,1314,1146,791,1140,849,418,877,715,1002,974,989,1191,688,1096,793,1436,906,1043,1202,832,984,900,1060,856,1148,529,1120,868,1049,689,763,1304,581,754,903,1052,1112,924,993,657,982,797,1330,718,1083,983,953,920,948,801,1159,977,1046,806,1029,966,754,710,1039,619,1038,869,1050,995,846,864,1019,904,1231,1107,1040,1105,1059,780,1467,743,1173,753,1007,969,889,1174,1170,886,1111,1128,779,1092,913,628,867,744,1070,958,1191,1015,956,934,805,909,1288,761,1034,966,1151,1277,1171,1043,1197,754,781,1041,758,873,629,1007,824,1070,884,826,826,752,921,907,1024,958,850,925,952,708,1141,944,894,848,1119,944,736,904,832,1092,950,772,1181,512,824,752,1253,1195,1108,969,1056,802,1121,753,1146,716,1248,876,994,1054,1097,874,1158,1089,804,975,1217,724,900,1217,1275,808,941,804,1257,1041,1047,714,1076,962,887,954,1054,1270,1016,1039,760,1003,1361,913,1370,744,1134,1093,1003,873,934,924,969,965,943,1070,1119,996,1020,839,1233,788,951,885,1232,954,860,950,875,495,1058,712,832,1122,980,1196,912,999,1011,1032,800,1073,1005,792,1166,973,1006,829,1039,525,862,1075,988,1112,1311,744,1051,599,1134,806,777,969,927,651,839,876,1148,974,1121,1112,1118,688,855,719,1190,852,1094,819,991,827,740,699,721,951,1027,450,1050,951,1229,1296,1271,1288,1029,643,1312,1015,1296,1004,1141,1044,905,866,1139,498,1090,728,815,1111,1220,818,1131,830,1248,949,915,1240,923,851,1092,788,748,822,1071,1132,981,1205,843,987,1122,783,885,1076,1058,1053,739,793,876,639,969,969,1062,935,1085,698,950,1251,868,1273,1613,930,801,733,1248,684,909,760,1422,705,791,691,624,826,966,769,1010,613,800,754,1069,909,897,799,785,1209,843,889,1247,978,1059,871,760,1158,1185,478,754,683,1017,917,982,861,782,919,1124,1129,1298,581,1013,1192,914,494,694,1056,1051,488,867,678,937,837,1035,835,1145,960,1197,991,1166,554,856,1070,1314,945,1228,987,1162,405,1012,612,917,1472,1035,504,1051,817,1062,807,1258,934,1172,1112,801,774,1139,1231,724,586,808,836,860,882,1003,960,1332,954,956,642,799,1166,1089,923,942,638,1060,1530,553,868,818,882,991,860,837,1186,1193,990,1312,765,1027,838,1089,998,1219,858,1334,1080,1061,588,676,782,1065,826,948,840,751,1159,895,1415,920,734,1362,426,1027,589,1132,1225,741,757,708,771,1023,1073,870,710,928,832,1419,916,934,1051,1112,723,1120,685,1221,925,833,1058,874,1048,918,946,1442,962,1260,955,1163,537,955,939,884,911,783,835,1369,1126,1070,764,1168,1080,983,504,1045,409,929,838,986,865,795,529,1112,1157,970,720,892,659,761,661,1253,452,1151,828,1313,1103,885,882,761,604,896,782,1356,1043,891,1130,1307,918,1359,847,903,984,1509,1079,1138,966,882,926,1125,609,1010,1260,1122,997,1456,1289,961,676,914,922,905,642,1226,1022,1167,1108,944,885,772,1504,1168,1120,932,807,977,1576,1029,617,1225,1110,1303,783,1228,919,1024,623,1175,911,1266,928,1038,852,1006,915,1195,1272,1252,1045,909,779,1007,839,1106,725,1224,744,808,902,1080,1068,1058,1057,867,672,1205,1000,1444,1070,923,630,760,618,956,1029,1268,749,1202,1042,954,970,1141,968,1007,711,1447,1278,889,1225,1127,1251,802,880,991,913,863,920,1042,705,849,1193,1050,961,988,840,954,985,1151,969,897,913,1074,1041,718,745,1515,947,886,1145,
22,585,71,530,27,655,242,726,6,680,8,726,13,687,9,642,2,553,387,672,69,583,30,778,21,762,211,504,84,479,40,711,72,801,9,789,41,958,13,763,27,664,16,824,29,559,1,546,36,539,11,677,2,793,105,601,3,584,5,939,2,484,15,925,57,497,13,632,13,603,13,698,10,1129,23,817,27,658,23,601,92,704,1,695,17,557,46,621,11,1051,116,687,29,795,1,1136,26,895,19,658,18,801,53,814,4,817,10,895,35,1039,30,781,16,446,11,745,68,564,24,921,52,666,92,534,179,968,13,647,25,911,25,1011,16,757,22,594,5,828,61,543,82,643,35,825,5,685,16,773,88,926,1,589,12,727,31,817,1,733,65,718,45,686,1,632,14,1057,22,652,48,598,83,699,6,683,3,766,23,617,151,484,160,602,61,891,201,1035,61,785,1,564,204,740,16,692,30,546,17,584,29,650,39,1048,12,839,6,664,5,856,1,667,12,692,19,601,46,905,71,663,1,891,3,980,26,605,88,612,17,609,2,802,17,749,4,939,179,769,35,585,118,720,16,688,67,697,27,714,2,594,1,565,9,1061,16,898,29,1050,13,654,28,991,270,638,7,689,5,679,52,786,17,622,26,820,14,918,59,612,17,489,65,955,56,601,19,458,42,627,11,554,605,530,17,962,38,816,501,960,53,702,9,954,129,707,40,751,61,627,195,766,135,751,17,605,100,791,1,909,51,571,46,582,9,757,32,849,19,812,17,795,27,741,77,735,11,437,52,680,3,793,10,710,79,466,10,528,4,913,10,621,49,640,6,714,6,754,3,1412,5,831,7,497,21,553,6,745,5,829,40,1029,66,878,211,431,58,894,14,532,1,699,86,820,5,772,83,581,13,753,1,562,43,692,6,716,45,701,21,900,137,845,4,782,18,618,56,725,13,762,47,732,5,741,3,926,237,903,12,729,119,1000,176,1144,18,558,78,851,4,729,49,723,52,677,18,831,45,1006,9,662,8,524,1,557,138,1132,2,643,125,373,105,707,31,561,4,709,119,731,16,840,20,872,21,624,477,684,8,575,24,715,80,923,117,726,20,575,2,596,7,650,4,997,13,807,48,677,4,842,1,703,211,523,21,604,10,651,1,1204,5,926,10,892,3,732,74,487,33,653,4,1155,9,975,3,759,1,688,23,772,194,530,37,858,3,968,7,652,3,643,27,803,187,482,152,936,78,1117,21,762,189,761,6,531,11,723,11,1170,1,714,2,687,20,565,4,602,51,629,26,1108,6,715,16,1262,352,971,17,639,202,821,16,771,22,582,26,980,3,1009,12,566,34,875,258,1423,1,881,122,463,31,898,34,779,1,927,35,1084,5,562,59,612,17,716,1,954,234,685,5,838,36,800,2,836,287,886,2,673,229,671,8,920,13,694,67,516,1,602,190,562,2,863,17,721,28,812,12,594,100,537,131,556,12,655,22,590,38,488,73,627,22,740,7,665,12,883,107,1039,19,898,44,559,2,738,33,636,18,787,1,840,18,932,24,543,1,724,11,712,25,467,12,561,108,716,2,846,11,840,6,1167,19,800,5,1154,4,642,55,587,4,578,24,749,24,792,9,754,101,758,51,681,9,978,9,720,39,947,18,617,4,757,10,734,303,747,6,692,27,960,1,930,22,889,6,647,1,826,5,982,1,673,67,830,12,1022,26,564,2,773,33,519,54,814,71,948,14,731,6,691,1,870,19,669,121,744,198,782,58,1040,10,992,18,759,65,778,34,1021,50,667,5,973,1,936,1,801,1,685,131,653,1,599,80,982,19,870,35,544,20,626,41,1129,239,986,24,879,10,886,21,970,5,726,33,738,98,741,59,792,66,595,2,927,27,611,100,891,2,575,24,471,36,761,15,935,19,568,87,969,49,1046,450,596,1,646,1,459,57,557,10,868,29,801,9,698,14,1040,7,485,6,717,3,918,5,633,3,719,28,736,5,588,12,814,129,1006,9,466,1,622,1,635,74,796,36,858,65,1058,5,773,84,960,7,805,118,823,4,743,9,1086,30,859,81,609,9,633,18,723,162,607,9,662,5,506,7,861,3,879,4,471,28,446,23,669,45,550,9,573,24,934,61,508,8,846,18,703,36,1037,18,794,26,652,2,707,112,567,10,669,147,800,53,783,25,671,23,515,174,492,27,860,172,569,4,631,4,676,87,823,68,1182,128,504,74,647,7,583,45,517,42,759,121,937,14,549,24,878,8,533,189,720,234,546,7,581,12,988,39,859,10,672,12,738,19,837,6,630,95,464,37,922,154,705,
