orig_result,0_area,0_result,0_score,1_area,1_result,1_score,2_area,2_result,2_score,3_area,3_result,3_score,4_area,4_result,4_score,5_area,5_result,5_score
1.0,29,1,39968,22,1,40928,22,1,34741,22,1,38632,22,1,34366,21,1,37315,22,1,40928,22,1,34741,22,1,38632,22,1,34366,21,1,37315,22,1,40928,22,1,34741,22,1,38632,22,1,34366,21,1,37315,22,1,40928,22,1,34741,22,1,38632,22,1,34366,21,1,37315,22,1,40928,22,1,34741,22,1,38632,22,1,34366,21,1,37315
1.0,22,1,30438,9,1,28129,8,1,22643,8,1,24472,8,1,20673,12,1,22007,9,1,28129,8,1,22643,8,1,24472,8,1,20673,12,1,22007,9,1,28129,8,1,22643,8,1,24472,8,1,20673,12,1,22007,9,1,28129,8,1,22643,8,1,24472,8,1,20673,12,1,22007,9,1,28129,8,1,22643,8,1,24472,8,1,20673,12,1,22007
1.0,29,1,45810,14,1,40779,13,1,31862,14,1,34261,13,1,27550,13,1,29945,14,1,40779,13,1,31862,14,1,34261,13,1,27550,13,1,29945,14,1,40779,13,1,31862,14,1,34261,13,1,27550,13,1,29945,14,1,40779,13,1,31862,14,1,34261,13,1,27550,13,1,29945,14,1,40779,13,1,31862,14,1,34261,13,1,27550,13,1,29945
1.0,2,1,11523,1,1,10263,1,1,8431,1,1,9954,-5,1,8196,0,1,8871,1,1,10263,1,1,8431,1,1,9954,-5,1,8196,0,1,8871,1,1,10263,1,1,8431,1,1,9954,-5,1,8196,0,1,8871,1,1,10263,1,1,8431,1,1,9954,-5,1,8196,0,1,8871,1,1,10263,1,1,8431,1,1,9954,-5,1,8196,0,1,8871
1.0,4,1,6870,-15,1,7606,-15,1,7606,0,1,7606,0,1,7606,0,1,7606,-15,1,7606,-15,1,7606,0,1,7606,0,1,7606,0,1,7606,-15,1,7606,-15,1,7606,0,1,7606,0,1,7606,0,1,7606,-15,1,7606,-15,1,7606,0,1,7606,0,1,7606,0,1,7606,-15,1,7606,-15,1,7606,0,1,7606,0,1,7606,0,1,7606
0.0,-39,0,35548,-28,0,20265,-39,0,21306,-30,0,16649,-29,0,17223,-27,0,13521,-28,0,20265,-39,0,21306,-30,0,16649,-29,0,17223,-27,0,13521,-28,0,20265,-39,0,21306,-30,0,16649,-29,0,17223,-27,0,13521,-28,0,20265,-39,0,21306,-30,0,16649,-29,0,17223,-27,0,13521,-28,0,20265,-39,0,21306,-30,0,16649,-29,0,17223,-27,0,13521
0.0,-66,0,82747,-51,0,49378,-51,0,52342,-48,0,41004,-50,0,43538,-49,0,34166,-51,0,49378,-51,0,52342,-48,0,41004,-50,0,43538,-49,0,34166,-51,0,49378,-51,0,52342,-48,0,41004,-50,0,43538,-49,0,34166,-51,0,49378,-51,0,52342,-48,0,41004,-50,0,43538,-49,0,34166,-51,0,49378,-51,0,52342,-48,0,41004,-50,0,43538,-49,0,34166
1.0,-1,1,2931,-7,1,6102,-7,1,4642,-7,1,6986,-2,1,5928,-6,1,7225,-7,1,6102,-7,1,4642,-7,1,6986,-2,1,5928,-6,1,7225,-7,1,6102,-7,1,4642,-7,1,6986,-2,1,5928,-6,1,7225,-7,1,6102,-7,1,4642,-7,1,6986,-2,1,5928,-6,1,7225,-7,1,6102,-7,1,4642,-7,1,6986,-2,1,5928,-6,1,7225
1.0,29,1,47728,26,1,43073,29,1,35823,29,1,39622,24,1,32643,24,1,35288,26,1,43073,29,1,35823,29,1,39622,24,1,32643,24,1,35288,26,1,43073,29,1,35823,29,1,39622,24,1,32643,24,1,35288,26,1,43073,29,1,35823,29,1,39622,24,1,32643,24,1,35288,26,1,43073,29,1,35823,29,1,39622,24,1,32643,24,1,35288
0.0,-20,0,3778,-22,0,1782,-23,0,3280,-23,0,1363,-23,0,2304,-25,0,1154,-22,0,1782,-23,0,3280,-23,0,1363,-23,0,2304,-25,0,1154,-22,0,1782,-23,0,3280,-23,0,1363,-23,0,2304,-25,0,1154,-22,0,1782,-23,0,3280,-23,0,1363,-23,0,2304,-25,0,1154,-22,0,1782,-23,0,3280,-23,0,1363,-23,0,2304,-25,0,1154
1.0,33,1,62079,32,1,56493,31,1,46828,31,1,49168,32,1,40855,29,1,43270,32,1,56493,31,1,46828,31,1,49168,32,1,40855,29,1,43270,32,1,56493,31,1,46828,31,1,49168,32,1,40855,29,1,43270,32,1,56493,31,1,46828,31,1,49168,32,1,40855,29,1,43270,32,1,56493,31,1,46828,31,1,49168,32,1,40855,29,1,43270
1.0,21,1,15279,21,1,17543,20,1,15176,32,1,17634,64,1,14927,33,1,17230,21,1,17543,20,1,15176,32,1,17634,64,1,14927,33,1,17230,21,1,17543,20,1,15176,32,1,17634,64,1,14927,33,1,17230,21,1,17543,20,1,15176,32,1,17634,64,1,14927,33,1,17230,21,1,17543,20,1,15176,32,1,17634,64,1,14927,33,1,17230
0.0,-15,0,10086,-18,0,213,-21,0,2056,-13,0,-80,-14,0,1401,-16,0,-10,-18,0,213,-21,0,2056,-13,0,-80,-14,0,1401,-16,0,-10,-18,0,213,-21,0,2056,-13,0,-80,-14,0,1401,-16,0,-10,-18,0,213,-21,0,2056,-13,0,-80,-14,0,1401,-16,0,-10,-18,0,213,-21,0,2056,-13,0,-80,-14,0,1401,-16,0,-10
0.0,-39,0,41147,-32,0,22965,-33,0,22965,-34,0,18390,-39,0,18861,-39,0,14271,-32,0,22965,-33,0,22965,-34,0,18390,-39,0,18861,-39,0,14271,-32,0,22965,-33,0,22965,-34,0,18390,-39,0,18861,-39,0,14271,-32,0,22965,-33,0,22965,-34,0,18390,-39,0,18861,-39,0,14271,-32,0,22965,-33,0,22965,-34,0,18390,-39,0,18861,-39,0,14271
1.0,28,1,21763,24,1,18939,23,1,14776,25,1,16305,21,1,13915,21,1,15135,24,1,18939,23,1,14776,25,1,16305,21,1,13915,21,1,15135,24,1,18939,23,1,14776,25,1,16305,21,1,13915,21,1,15135,24,1,18939,23,1,14776,25,1,16305,21,1,13915,21,1,15135,24,1,18939,23,1,14776,25,1,16305,21,1,13915,21,1,15135
1.0,6,1,17999,6,1,16340,1,1,15302,2,1,16171,2,1,15193,2,1,15193,6,1,16340,1,1,15302,2,1,16171,2,1,15193,2,1,15193,6,1,16340,1,1,15302,2,1,16171,2,1,15193,2,1,15193,6,1,16340,1,1,15302,2,1,16171,2,1,15193,2,1,15193,6,1,16340,1,1,15302,2,1,16171,2,1,15193,2,1,15193
0.0,-22,0,39098,-11,0,19764,-11,0,21469,-8,0,14064,-13,0,14199,-10,0,9034,-11,0,19764,-11,0,21469,-8,0,14064,-13,0,14199,-10,0,9034,-11,0,19764,-11,0,21469,-8,0,14064,-13,0,14199,-10,0,9034,-11,0,19764,-11,0,21469,-8,0,14064,-13,0,14199,-10,0,9034,-11,0,19764,-11,0,21469,-8,0,14064,-13,0,14199,-10,0,9034
0.0,-12,0,7956,-12,0,2574,-17,0,2574,-25,0,1330,-25,0,1330,-26,0,1154,-12,0,2574,-17,0,2574,-25,0,1330,-25,0,1330,-26,0,1154,-12,0,2574,-17,0,2574,-25,0,1330,-25,0,1330,-26,0,1154,-12,0,2574,-17,0,2574,-25,0,1330,-25,0,1330,-26,0,1154,-12,0,2574,-17,0,2574,-25,0,1330,-25,0,1330,-26,0,1154
1.0,7,1,17921,10,1,17271,10,1,14985,10,1,16075,10,1,14973,10,1,15983,10,1,17271,10,1,14985,10,1,16075,10,1,14973,10,1,15983,10,1,17271,10,1,14985,10,1,16075,10,1,14973,10,1,15983,10,1,17271,10,1,14985,10,1,16075,10,1,14973,10,1,15983,10,1,17271,10,1,14985,10,1,16075,10,1,14973,10,1,15983
0.0,-6,0,6173,-3,0,4061,-6,0,5256,-2,0,3157,1,0,3972,1,1,3771,-3,0,4061,-6,0,5256,-2,0,3157,1,0,3972,1,1,3771,-3,0,4061,-6,0,5256,-2,0,3157,1,0,3972,1,1,3771,-3,0,4061,-6,0,5256,-2,0,3157,1,0,3972,1,1,3771,-3,0,4061,-6,0,5256,-2,0,3157,1,0,3972,1,1,3771
1.0,41,1,83233,41,1,79346,40,1,68328,41,1,73783,40,1,63678,40,1,67846,41,1,79346,40,1,68328,41,1,73783,40,1,63678,40,1,67846,41,1,79346,40,1,68328,41,1,73783,40,1,63678,40,1,67846,41,1,79346,40,1,68328,41,1,73783,40,1,63678,40,1,67846,41,1,79346,40,1,68328,41,1,73783,40,1,63678,40,1,67846
0.0,-19,0,38192,-13,0,18772,-19,0,19539,-12,0,13899,-18,0,14666,-15,0,10059,-13,0,18772,-19,0,19539,-12,0,13899,-18,0,14666,-15,0,10059,-13,0,18772,-19,0,19539,-12,0,13899,-18,0,14666,-15,0,10059,-13,0,18772,-19,0,19539,-12,0,13899,-18,0,14666,-15,0,10059,-13,0,18772,-19,0,19539,-12,0,13899,-18,0,14666,-15,0,10059
0.0,-40,0,20482,-35,0,11619,-37,0,12960,-35,0,8928,-34,0,10619,-35,0,7128,-35,0,11619,-37,0,12960,-35,0,8928,-34,0,10619,-35,0,7128,-35,0,11619,-37,0,12960,-35,0,8928,-34,0,10619,-35,0,7128,-35,0,11619,-37,0,12960,-35,0,8928,-34,0,10619,-35,0,7128,-35,0,11619,-37,0,12960,-35,0,8928,-34,0,10619,-35,0,7128
0.0,-7,0,1735,-8,1,1979,-8,1,1225,-8,1,3518,-12,1,2791,-11,1,3826,-8,1,1979,-8,1,1225,-8,1,3518,-12,1,2791,-11,1,3826,-8,1,1979,-8,1,1225,-8,1,3518,-12,1,2791,-11,1,3826,-8,1,1979,-8,1,1225,-8,1,3518,-12,1,2791,-11,1,3826,-8,1,1979,-8,1,1225,-8,1,3518,-12,1,2791,-11,1,3826
0.0,-28,0,36031,-20,0,19236,-20,0,20327,-20,0,13123,-20,0,14015,-20,0,10033,-20,0,19236,-20,0,20327,-20,0,13123,-20,0,14015,-20,0,10033,-20,0,19236,-20,0,20327,-20,0,13123,-20,0,14015,-20,0,10033,-20,0,19236,-20,0,20327,-20,0,13123,-20,0,14015,-20,0,10033,-20,0,19236,-20,0,20327,-20,0,13123,-20,0,14015,-20,0,10033
1.0,64,1,108634,56,1,103598,49,1,91226,50,1,96574,50,1,84316,50,1,90176,56,1,103598,49,1,91226,50,1,96574,50,1,84316,50,1,90176,56,1,103598,49,1,91226,50,1,96574,50,1,84316,50,1,90176,56,1,103598,49,1,91226,50,1,96574,50,1,84316,50,1,90176,56,1,103598,49,1,91226,50,1,96574,50,1,84316,50,1,90176
1.0,-14,1,7468,-12,1,8203,-12,1,5838,-12,1,6787,-13,1,4520,-10,1,5451,-12,1,8203,-12,1,5838,-12,1,6787,-13,1,4520,-10,1,5451,-12,1,8203,-12,1,5838,-12,1,6787,-13,1,4520,-10,1,5451,-12,1,8203,-12,1,5838,-12,1,6787,-13,1,4520,-10,1,5451,-12,1,8203,-12,1,5838,-12,1,6787,-13,1,4520,-10,1,5451
1.0,-4,1,8401,0,1,8426,0,1,6036,-7,1,6585,0,1,4555,-6,1,4710,0,1,8426,0,1,6036,-7,1,6585,0,1,4555,-6,1,4710,0,1,8426,0,1,6036,-7,1,6585,0,1,4555,-6,1,4710,0,1,8426,0,1,6036,-7,1,6585,0,1,4555,-6,1,4710,0,1,8426,0,1,6036,-7,1,6585,0,1,4555,-6,1,4710
1.0,6,1,3549,6,1,5200,6,1,4150,5,1,5091,3,1,4031,5,1,4248,6,1,5200,6,1,4150,5,1,5091,3,1,4031,5,1,4248,6,1,5200,6,1,4150,5,1,5091,3,1,4031,5,1,4248,6,1,5200,6,1,4150,5,1,5091,3,1,4031,5,1,4248,6,1,5200,6,1,4150,5,1,5091,3,1,4031,5,1,4248
0.0,-4,0,10525,1,0,4851,-5,0,5729,1,0,3830,1,0,4560,1,0,3676,1,0,4851,-5,0,5729,1,0,3830,1,0,4560,1,0,3676,1,0,4851,-5,0,5729,1,0,3830,1,0,4560,1,0,3676,1,0,4851,-5,0,5729,1,0,3830,1,0,4560,1,0,3676,1,0,4851,-5,0,5729,1,0,3830,1,0,4560,1,0,3676
1.0,-2,1,5465,-2,1,6152,-2,1,5294,-2,1,6288,-2,1,6288,1,1,7123,-2,1,6152,-2,1,5294,-2,1,6288,-2,1,6288,1,1,7123,-2,1,6152,-2,1,5294,-2,1,6288,-2,1,6288,1,1,7123,-2,1,6152,-2,1,5294,-2,1,6288,-2,1,6288,1,1,7123,-2,1,6152,-2,1,5294,-2,1,6288,-2,1,6288,1,1,7123
0.0,-3,0,1000,-2,1,3824,-1,0,1154,-4,1,4885,-4,1,2951,-4,1,5504,-2,1,3824,-1,0,1154,-4,1,4885,-4,1,2951,-4,1,5504,-2,1,3824,-1,0,1154,-4,1,4885,-4,1,2951,-4,1,5504,-2,1,3824,-1,0,1154,-4,1,4885,-4,1,2951,-4,1,5504,-2,1,3824,-1,0,1154,-4,1,4885,-4,1,2951,-4,1,5504
0.0,-38,0,37739,-35,0,17541,-35,0,18146,-35,0,11944,-36,0,11944,-35,0,9060,-35,0,17541,-35,0,18146,-35,0,11944,-36,0,11944,-35,0,9060,-35,0,17541,-35,0,18146,-35,0,11944,-36,0,11944,-35,0,9060,-35,0,17541,-35,0,18146,-35,0,11944,-36,0,11944,-35,0,9060,-35,0,17541,-35,0,18146,-35,0,11944,-36,0,11944,-35,0,9060
1.0,3,1,15343,-2,1,16022,-2,1,13791,1,1,15455,-2,1,14347,-2,1,15234,-2,1,16022,-2,1,13791,1,1,15455,-2,1,14347,-2,1,15234,-2,1,16022,-2,1,13791,1,1,15455,-2,1,14347,-2,1,15234,-2,1,16022,-2,1,13791,1,1,15455,-2,1,14347,-2,1,15234,-2,1,16022,-2,1,13791,1,1,15455,-2,1,14347,-2,1,15234
0.0,-30,0,24812,-23,0,14617,-24,0,15456,-22,0,10993,-22,0,11800,-21,0,7641,-23,0,14617,-24,0,15456,-22,0,10993,-22,0,11800,-21,0,7641,-23,0,14617,-24,0,15456,-22,0,10993,-22,0,11800,-21,0,7641,-23,0,14617,-24,0,15456,-22,0,10993,-22,0,11800,-21,0,7641,-23,0,14617,-24,0,15456,-22,0,10993,-22,0,11800,-21,0,7641
0.0,-11,0,25645,-8,0,10802,-8,0,12054,-7,0,8000,-7,0,9051,-10,0,5510,-8,0,10802,-8,0,12054,-7,0,8000,-7,0,9051,-10,0,5510,-8,0,10802,-8,0,12054,-7,0,8000,-7,0,9051,-10,0,5510,-8,0,10802,-8,0,12054,-7,0,8000,-7,0,9051,-10,0,5510,-8,0,10802,-8,0,12054,-7,0,8000,-7,0,9051,-10,0,5510
0.0,0,0,10550,-3,0,1376,-2,0,1898,-2,1,2904,-4,0,-45,-5,1,3665,-3,0,1376,-2,0,1898,-2,1,2904,-4,0,-45,-5,1,3665,-3,0,1376,-2,0,1898,-2,1,2904,-4,0,-45,-5,1,3665,-3,0,1376,-2,0,1898,-2,1,2904,-4,0,-45,-5,1,3665,-3,0,1376,-2,0,1898,-2,1,2904,-4,0,-45,-5,1,3665
0.0,-14,1,7398,-10,1,7973,-7,1,6090,-7,1,7100,-7,1,5921,-6,1,6810,-10,1,7973,-7,1,6090,-7,1,7100,-7,1,5921,-6,1,6810,-10,1,7973,-7,1,6090,-7,1,7100,-7,1,5921,-6,1,6810,-10,1,7973,-7,1,6090,-7,1,7100,-7,1,5921,-6,1,6810,-10,1,7973,-7,1,6090,-7,1,7100,-7,1,5921,-6,1,6810
0.0,-37,0,33681,-37,0,18967,-42,0,19798,-41,0,15067,-41,0,15833,-41,0,11640,-37,0,18967,-42,0,19798,-41,0,15067,-41,0,15833,-41,0,11640,-37,0,18967,-42,0,19798,-41,0,15067,-41,0,15833,-41,0,11640,-37,0,18967,-42,0,19798,-41,0,15067,-41,0,15833,-41,0,11640,-37,0,18967,-42,0,19798,-41,0,15067,-41,0,15833,-41,0,11640
1.0,29,1,34510,25,1,31196,29,1,26083,29,1,27324,25,1,22605,22,1,24431,25,1,31196,29,1,26083,29,1,27324,25,1,22605,22,1,24431,25,1,31196,29,1,26083,29,1,27324,25,1,22605,22,1,24431,25,1,31196,29,1,26083,29,1,27324,25,1,22605,22,1,24431,25,1,31196,29,1,26083,29,1,27324,25,1,22605,22,1,24431
1.0,-7,1,4847,-10,1,7080,-11,1,5603,-11,1,6556,-11,1,5251,-11,1,6077,-10,1,7080,-11,1,5603,-11,1,6556,-11,1,5251,-11,1,6077,-10,1,7080,-11,1,5603,-11,1,6556,-11,1,5251,-11,1,6077,-10,1,7080,-11,1,5603,-11,1,6556,-11,1,5251,-11,1,6077,-10,1,7080,-11,1,5603,-11,1,6556,-11,1,5251,-11,1,6077
1.0,11,1,34515,9,1,34240,9,1,27815,9,1,28940,10,1,23623,18,1,25135,9,1,34240,9,1,27815,9,1,28940,10,1,23623,18,1,25135,9,1,34240,9,1,27815,9,1,28940,10,1,23623,18,1,25135,9,1,34240,9,1,27815,9,1,28940,10,1,23623,18,1,25135,9,1,34240,9,1,27815,9,1,28940,10,1,23623,18,1,25135
1.0,3,1,11794,3,1,10002,-4,1,7923,-4,1,7923,-2,1,6768,-4,1,6815,3,1,10002,-4,1,7923,-4,1,7923,-2,1,6768,-4,1,6815,3,1,10002,-4,1,7923,-4,1,7923,-2,1,6768,-4,1,6815,3,1,10002,-4,1,7923,-4,1,7923,-2,1,6768,-4,1,6815,3,1,10002,-4,1,7923,-4,1,7923,-2,1,6768,-4,1,6815
1.0,28,1,36213,26,1,32553,23,1,26620,23,1,28757,23,1,23712,23,1,25486,26,1,32553,23,1,26620,23,1,28757,23,1,23712,23,1,25486,26,1,32553,23,1,26620,23,1,28757,23,1,23712,23,1,25486,26,1,32553,23,1,26620,23,1,28757,23,1,23712,23,1,25486,26,1,32553,23,1,26620,23,1,28757,23,1,23712,23,1,25486
1.0,9,1,6652,15,1,8728,9,1,7140,9,1,8117,38,1,6918,14,1,7860,15,1,8728,9,1,7140,9,1,8117,38,1,6918,14,1,7860,15,1,8728,9,1,7140,9,1,8117,38,1,6918,14,1,7860,15,1,8728,9,1,7140,9,1,8117,38,1,6918,14,1,7860,15,1,8728,9,1,7140,9,1,8117,38,1,6918,14,1,7860
1.0,25,1,16538,24,1,15404,25,1,12106,25,1,13168,18,1,10049,16,1,11756,24,1,15404,25,1,12106,25,1,13168,18,1,10049,16,1,11756,24,1,15404,25,1,12106,25,1,13168,18,1,10049,16,1,11756,24,1,15404,25,1,12106,25,1,13168,18,1,10049,16,1,11756,24,1,15404,25,1,12106,25,1,13168,18,1,10049,16,1,11756
0.0,-17,0,3338,-14,0,85,-3,0,1184,-14,0,-257,-14,0,612,-14,0,-493,-14,0,85,-3,0,1184,-14,0,-257,-14,0,612,-14,0,-493,-14,0,85,-3,0,1184,-14,0,-257,-14,0,612,-14,0,-493,-14,0,85,-3,0,1184,-14,0,-257,-14,0,612,-14,0,-493,-14,0,85,-3,0,1184,-14,0,-257,-14,0,612,-14,0,-493
1.0,25,1,55887,31,1,50545,25,1,42068,26,1,44367,26,1,36820,31,1,39206,31,1,50545,25,1,42068,26,1,44367,26,1,36820,31,1,39206,31,1,50545,25,1,42068,26,1,44367,26,1,36820,31,1,39206,31,1,50545,25,1,42068,26,1,44367,26,1,36820,31,1,39206,31,1,50545,25,1,42068,26,1,44367,26,1,36820,31,1,39206
0.0,-20,0,28519,-18,0,16181,-19,0,17334,-16,0,12313,-17,0,13298,-17,0,9455,-18,0,16181,-19,0,17334,-16,0,12313,-17,0,13298,-17,0,9455,-18,0,16181,-19,0,17334,-16,0,12313,-17,0,13298,-17,0,9455,-18,0,16181,-19,0,17334,-16,0,12313,-17,0,13298,-17,0,9455,-18,0,16181,-19,0,17334,-16,0,12313,-17,0,13298,-17,0,9455
1.0,17,1,36451,16,1,33117,15,1,24667,16,1,26553,9,1,21454,10,1,23527,16,1,33117,15,1,24667,16,1,26553,9,1,21454,10,1,23527,16,1,33117,15,1,24667,16,1,26553,9,1,21454,10,1,23527,16,1,33117,15,1,24667,16,1,26553,9,1,21454,10,1,23527,16,1,33117,15,1,24667,16,1,26553,9,1,21454,10,1,23527
1.0,4,1,11755,4,1,12134,4,1,10131,-22,1,12046,-22,1,10926,-22,1,12088,4,1,12134,4,1,10131,-22,1,12046,-22,1,10926,-22,1,12088,4,1,12134,4,1,10131,-22,1,12046,-22,1,10926,-22,1,12088,4,1,12134,4,1,10131,-22,1,12046,-22,1,10926,-22,1,12088,4,1,12134,4,1,10131,-22,1,12046,-22,1,10926,-22,1,12088
1.0,25,1,28746,28,1,31313,28,1,24404,27,1,26964,20,1,22140,22,1,25183,28,1,31313,28,1,24404,27,1,26964,20,1,22140,22,1,25183,28,1,31313,28,1,24404,27,1,26964,20,1,22140,22,1,25183,28,1,31313,28,1,24404,27,1,26964,20,1,22140,22,1,25183,28,1,31313,28,1,24404,27,1,26964,20,1,22140,22,1,25183
1.0,18,1,15870,18,1,15854,11,1,13736,11,1,14855,11,1,12805,10,1,13749,18,1,15854,11,1,13736,11,1,14855,11,1,12805,10,1,13749,18,1,15854,11,1,13736,11,1,14855,11,1,12805,10,1,13749,18,1,15854,11,1,13736,11,1,14855,11,1,12805,10,1,13749,18,1,15854,11,1,13736,11,1,14855,11,1,12805,10,1,13749
1.0,56,1,83963,37,1,78327,36,1,68064,36,1,71297,38,1,62578,38,1,65811,37,1,78327,36,1,68064,36,1,71297,38,1,62578,38,1,65811,37,1,78327,36,1,68064,36,1,71297,38,1,62578,38,1,65811,37,1,78327,36,1,68064,36,1,71297,38,1,62578,38,1,65811,37,1,78327,36,1,68064,36,1,71297,38,1,62578,38,1,65811
1.0,-7,1,6903,-7,1,7851,-7,1,6461,-7,1,7634,-6,1,6221,-6,1,6936,-7,1,7851,-7,1,6461,-7,1,7634,-6,1,6221,-6,1,6936,-7,1,7851,-7,1,6461,-7,1,7634,-6,1,6221,-6,1,6936,-7,1,7851,-7,1,6461,-7,1,7634,-6,1,6221,-6,1,6936,-7,1,7851,-7,1,6461,-7,1,7634,-6,1,6221,-6,1,6936
1.0,31,1,46444,30,1,40142,30,1,33487,30,1,35389,33,1,29194,32,1,31253,30,1,40142,30,1,33487,30,1,35389,33,1,29194,32,1,31253,30,1,40142,30,1,33487,30,1,35389,33,1,29194,32,1,31253,30,1,40142,30,1,33487,30,1,35389,33,1,29194,32,1,31253,30,1,40142,30,1,33487,30,1,35389,33,1,29194,32,1,31253
1.0,3,1,4159,-3,1,6450,-4,1,5294,-2,1,6576,-3,1,5420,-2,1,6295,-3,1,6450,-4,1,5294,-2,1,6576,-3,1,5420,-2,1,6295,-3,1,6450,-4,1,5294,-2,1,6576,-3,1,5420,-2,1,6295,-3,1,6450,-4,1,5294,-2,1,6576,-3,1,5420,-2,1,6295,-3,1,6450,-4,1,5294,-2,1,6576,-3,1,5420,-2,1,6295
0.0,-15,0,17390,-15,0,6292,-16,0,7973,-11,0,4957,-14,0,5875,-15,0,3852,-15,0,6292,-16,0,7973,-11,0,4957,-14,0,5875,-15,0,3852,-15,0,6292,-16,0,7973,-11,0,4957,-14,0,5875,-15,0,3852,-15,0,6292,-16,0,7973,-11,0,4957,-14,0,5875,-15,0,3852,-15,0,6292,-16,0,7973,-11,0,4957,-14,0,5875,-15,0,3852
0.0,-2,0,3500,0,1,1089,0,0,423,-1,1,2945,-8,1,860,-10,1,4779,0,1,1089,0,0,423,-1,1,2945,-8,1,860,-10,1,4779,0,1,1089,0,0,423,-1,1,2945,-8,1,860,-10,1,4779,0,1,1089,0,0,423,-1,1,2945,-8,1,860,-10,1,4779,0,1,1089,0,0,423,-1,1,2945,-8,1,860,-10,1,4779
1.0,-1,1,7232,6,1,8151,-1,1,5302,0,1,6303,6,1,4444,11,1,5557,6,1,8151,-1,1,5302,0,1,6303,6,1,4444,11,1,5557,6,1,8151,-1,1,5302,0,1,6303,6,1,4444,11,1,5557,6,1,8151,-1,1,5302,0,1,6303,6,1,4444,11,1,5557,6,1,8151,-1,1,5302,0,1,6303,6,1,4444,11,1,5557
0.0,-19,0,36769,-12,0,18755,-12,0,20337,-11,0,15872,-12,0,16473,-11,0,13333,-12,0,18755,-12,0,20337,-11,0,15872,-12,0,16473,-11,0,13333,-12,0,18755,-12,0,20337,-11,0,15872,-12,0,16473,-11,0,13333,-12,0,18755,-12,0,20337,-11,0,15872,-12,0,16473,-11,0,13333,-12,0,18755,-12,0,20337,-11,0,15872,-12,0,16473,-11,0,13333
0.0,-4,0,10805,-4,1,1938,-7,0,1234,-1,1,4025,-3,1,3063,-2,1,5229,-4,1,1938,-7,0,1234,-1,1,4025,-3,1,3063,-2,1,5229,-4,1,1938,-7,0,1234,-1,1,4025,-3,1,3063,-2,1,5229,-4,1,1938,-7,0,1234,-1,1,4025,-3,1,3063,-2,1,5229,-4,1,1938,-7,0,1234,-1,1,4025,-3,1,3063,-2,1,5229
0.0,-12,1,-293,-6,1,4335,-14,1,2415,-9,1,4998,-10,1,4044,-10,1,4911,-6,1,4335,-14,1,2415,-9,1,4998,-10,1,4044,-10,1,4911,-6,1,4335,-14,1,2415,-9,1,4998,-10,1,4044,-10,1,4911,-6,1,4335,-14,1,2415,-9,1,4998,-10,1,4044,-10,1,4911,-6,1,4335,-14,1,2415,-9,1,4998,-10,1,4044,-10,1,4911
1.0,10,1,39483,11,1,35943,11,1,28532,10,1,30604,9,1,25343,9,1,26633,11,1,35943,11,1,28532,10,1,30604,9,1,25343,9,1,26633,11,1,35943,11,1,28532,10,1,30604,9,1,25343,9,1,26633,11,1,35943,11,1,28532,10,1,30604,9,1,25343,9,1,26633,11,1,35943,11,1,28532,10,1,30604,9,1,25343,9,1,26633
0.0,-33,0,24272,-33,0,12970,-33,0,13589,-33,0,10303,-35,0,10534,-33,0,9099,-33,0,12970,-33,0,13589,-33,0,10303,-35,0,10534,-33,0,9099,-33,0,12970,-33,0,13589,-33,0,10303,-35,0,10534,-33,0,9099,-33,0,12970,-33,0,13589,-33,0,10303,-35,0,10534,-33,0,9099,-33,0,12970,-33,0,13589,-33,0,10303,-35,0,10534,-33,0,9099
1.0,10,1,30313,12,1,26348,12,1,20120,12,1,21282,1,1,17019,1,1,18416,12,1,26348,12,1,20120,12,1,21282,1,1,17019,1,1,18416,12,1,26348,12,1,20120,12,1,21282,1,1,17019,1,1,18416,12,1,26348,12,1,20120,12,1,21282,1,1,17019,1,1,18416,12,1,26348,12,1,20120,12,1,21282,1,1,17019,1,1,18416
1.0,11,1,22011,11,1,18564,9,1,14477,9,1,15555,10,1,13108,10,1,14410,11,1,18564,9,1,14477,9,1,15555,10,1,13108,10,1,14410,11,1,18564,9,1,14477,9,1,15555,10,1,13108,10,1,14410,11,1,18564,9,1,14477,9,1,15555,10,1,13108,10,1,14410,11,1,18564,9,1,14477,9,1,15555,10,1,13108,10,1,14410
1.0,-8,1,1034,-5,1,-401,-6,1,-2505,-5,1,-19,-5,1,-3723,-3,1,-107,-5,1,-401,-6,1,-2505,-5,1,-19,-5,1,-3723,-3,1,-107,-5,1,-401,-6,1,-2505,-5,1,-19,-5,1,-3723,-3,1,-107,-5,1,-401,-6,1,-2505,-5,1,-19,-5,1,-3723,-3,1,-107,-5,1,-401,-6,1,-2505,-5,1,-19,-5,1,-3723,-3,1,-107
1.0,-3,1,5493,8,1,10469,8,1,8438,8,1,10046,8,1,8094,9,1,9212,8,1,10469,8,1,8438,8,1,10046,8,1,8094,9,1,9212,8,1,10469,8,1,8438,8,1,10046,8,1,8094,9,1,9212,8,1,10469,8,1,8438,8,1,10046,8,1,8094,9,1,9212,8,1,10469,8,1,8438,8,1,10046,8,1,8094,9,1,9212
2.0,10,1,8739,11,1,9786,12,1,7752,13,1,9393,16,1,7688,13,1,9339,11,1,9786,12,1,7752,13,1,9393,16,1,7688,13,1,9339,11,1,9786,12,1,7752,13,1,9393,16,1,7688,13,1,9339,11,1,9786,12,1,7752,13,1,9393,16,1,7688,13,1,9339,11,1,9786,12,1,7752,13,1,9393,16,1,7688,13,1,9339
0.0,-42,0,66387,-33,0,44558,-33,0,46502,-32,0,36325,-33,0,38082,-33,0,29795,-33,0,44558,-33,0,46502,-32,0,36325,-33,0,38082,-33,0,29795,-33,0,44558,-33,0,46502,-32,0,36325,-33,0,38082,-33,0,29795,-33,0,44558,-33,0,46502,-32,0,36325,-33,0,38082,-33,0,29795,-33,0,44558,-33,0,46502,-32,0,36325,-33,0,38082,-33,0,29795
1.0,21,1,37771,24,1,39203,23,1,33201,23,1,34363,23,1,29167,23,1,30143,24,1,39203,23,1,33201,23,1,34363,23,1,29167,23,1,30143,24,1,39203,23,1,33201,23,1,34363,23,1,29167,23,1,30143,24,1,39203,23,1,33201,23,1,34363,23,1,29167,23,1,30143,24,1,39203,23,1,33201,23,1,34363,23,1,29167,23,1,30143
1.0,13,1,8638,17,1,8666,17,1,7361,17,1,8144,16,1,7156,16,1,7699,17,1,8666,17,1,7361,17,1,8144,16,1,7156,16,1,7699,17,1,8666,17,1,7361,17,1,8144,16,1,7156,16,1,7699,17,1,8666,17,1,7361,17,1,8144,16,1,7156,16,1,7699,17,1,8666,17,1,7361,17,1,8144,16,1,7156,16,1,7699
1.0,19,1,8839,19,1,9870,19,1,7023,19,1,8220,15,1,6804,15,1,8001,19,1,9870,19,1,7023,19,1,8220,15,1,6804,15,1,8001,19,1,9870,19,1,7023,19,1,8220,15,1,6804,15,1,8001,19,1,9870,19,1,7023,19,1,8220,15,1,6804,15,1,8001,19,1,9870,19,1,7023,19,1,8220,15,1,6804,15,1,8001
0.0,-62,0,81930,-36,0,50867,-36,0,53483,-35,0,43007,-36,0,44828,-38,0,36633,-36,0,50867,-36,0,53483,-35,0,43007,-36,0,44828,-38,0,36633,-36,0,50867,-36,0,53483,-35,0,43007,-36,0,44828,-38,0,36633,-36,0,50867,-36,0,53483,-35,0,43007,-36,0,44828,-38,0,36633,-36,0,50867,-36,0,53483,-35,0,43007,-36,0,44828,-38,0,36633
0.0,-2,0,567,-1,1,4548,5,1,-365,3,1,2633,2,1,1249,1,1,2633,-1,1,4548,5,1,-365,3,1,2633,2,1,1249,1,1,2633,-1,1,4548,5,1,-365,3,1,2633,2,1,1249,1,1,2633,-1,1,4548,5,1,-365,3,1,2633,2,1,1249,1,1,2633,-1,1,4548,5,1,-365,3,1,2633,2,1,1249,1,1,2633
1.0,24,1,35810,23,1,33538,22,1,28108,23,1,30663,22,1,25958,23,1,28133,23,1,33538,22,1,28108,23,1,30663,22,1,25958,23,1,28133,23,1,33538,22,1,28108,23,1,30663,22,1,25958,23,1,28133,23,1,33538,22,1,28108,23,1,30663,22,1,25958,23,1,28133,23,1,33538,22,1,28108,23,1,30663,22,1,25958,23,1,28133
1.0,14,1,29691,17,1,27985,18,1,22183,18,1,24283,11,1,19356,12,1,20371,17,1,27985,18,1,22183,18,1,24283,11,1,19356,12,1,20371,17,1,27985,18,1,22183,18,1,24283,11,1,19356,12,1,20371,17,1,27985,18,1,22183,18,1,24283,11,1,19356,12,1,20371,17,1,27985,18,1,22183,18,1,24283,11,1,19356,12,1,20371
0.0,-44,0,67312,-40,0,41796,-40,0,43290,-40,0,33832,-37,0,35198,-37,0,27716,-40,0,41796,-40,0,43290,-40,0,33832,-37,0,35198,-37,0,27716,-40,0,41796,-40,0,43290,-40,0,33832,-37,0,35198,-37,0,27716,-40,0,41796,-40,0,43290,-40,0,33832,-37,0,35198,-37,0,27716,-40,0,41796,-40,0,43290,-40,0,33832,-37,0,35198,-37,0,27716
0.0,-32,0,30764,-31,0,20716,-29,0,21836,-31,0,17055,-34,0,18009,-30,0,14866,-31,0,20716,-29,0,21836,-31,0,17055,-34,0,18009,-30,0,14866,-31,0,20716,-29,0,21836,-31,0,17055,-34,0,18009,-30,0,14866,-31,0,20716,-29,0,21836,-31,0,17055,-34,0,18009,-30,0,14866,-31,0,20716,-29,0,21836,-31,0,17055,-34,0,18009,-30,0,14866
0.0,-27,0,26905,-21,0,13481,-27,0,13508,-21,0,10204,-24,0,10204,-21,0,7301,-21,0,13481,-27,0,13508,-21,0,10204,-24,0,10204,-21,0,7301,-21,0,13481,-27,0,13508,-21,0,10204,-24,0,10204,-21,0,7301,-21,0,13481,-27,0,13508,-21,0,10204,-24,0,10204,-21,0,7301,-21,0,13481,-27,0,13508,-21,0,10204,-24,0,10204,-21,0,7301
1.0,14,1,19830,15,1,19173,15,1,15850,15,1,16839,15,1,15497,15,1,16486,15,1,19173,15,1,15850,15,1,16839,15,1,15497,15,1,16486,15,1,19173,15,1,15850,15,1,16839,15,1,15497,15,1,16486,15,1,19173,15,1,15850,15,1,16839,15,1,15497,15,1,16486,15,1,19173,15,1,15850,15,1,16839,15,1,15497,15,1,16486
0.0,-26,0,12203,-21,0,3419,-21,0,4228,-24,0,1694,-27,0,2485,-27,0,-258,-21,0,3419,-21,0,4228,-24,0,1694,-27,0,2485,-27,0,-258,-21,0,3419,-21,0,4228,-24,0,1694,-27,0,2485,-27,0,-258,-21,0,3419,-21,0,4228,-24,0,1694,-27,0,2485,-27,0,-258,-21,0,3419,-21,0,4228,-24,0,1694,-27,0,2485,-27,0,-258
1.0,11,1,8645,11,1,9109,10,1,8050,11,1,8965,11,1,7997,12,1,8965,11,1,9109,10,1,8050,11,1,8965,11,1,7997,12,1,8965,11,1,9109,10,1,8050,11,1,8965,11,1,7997,12,1,8965,11,1,9109,10,1,8050,11,1,8965,11,1,7997,12,1,8965,11,1,9109,10,1,8050,11,1,8965,11,1,7997,12,1,8965
1.0,7,1,880,11,1,2412,5,1,1176,9,1,2140,9,1,1308,8,1,2140,11,1,2412,5,1,1176,9,1,2140,9,1,1308,8,1,2140,11,1,2412,5,1,1176,9,1,2140,9,1,1308,8,1,2140,11,1,2412,5,1,1176,9,1,2140,9,1,1308,8,1,2140,11,1,2412,5,1,1176,9,1,2140,9,1,1308,8,1,2140
1.0,14,1,8990,14,1,11436,14,1,7979,14,1,9955,13,1,7435,20,1,9348,14,1,11436,14,1,7979,14,1,9955,13,1,7435,20,1,9348,14,1,11436,14,1,7979,14,1,9955,13,1,7435,20,1,9348,14,1,11436,14,1,7979,14,1,9955,13,1,7435,20,1,9348,14,1,11436,14,1,7979,14,1,9955,13,1,7435,20,1,9348
1.0,13,1,32607,14,1,29680,4,1,23948,3,1,26036,4,1,20599,4,1,22681,14,1,29680,4,1,23948,3,1,26036,4,1,20599,4,1,22681,14,1,29680,4,1,23948,3,1,26036,4,1,20599,4,1,22681,14,1,29680,4,1,23948,3,1,26036,4,1,20599,4,1,22681,14,1,29680,4,1,23948,3,1,26036,4,1,20599,4,1,22681
0.0,0,0,-332,-8,1,-1840,-8,0,-749,-2,0,-1848,-9,0,-749,-8,0,-1626,-8,1,-1840,-8,0,-749,-2,0,-1848,-9,0,-749,-8,0,-1626,-8,1,-1840,-8,0,-749,-2,0,-1848,-9,0,-749,-8,0,-1626,-8,1,-1840,-8,0,-749,-2,0,-1848,-9,0,-749,-8,0,-1626,-8,1,-1840,-8,0,-749,-2,0,-1848,-9,0,-749,-8,0,-1626
2.0,0,0,-1589,-6,1,968,-7,2,-2082,-13,1,3038,-13,1,-47,-17,1,4924,-6,1,968,-7,2,-2082,-13,1,3038,-13,1,-47,-17,1,4924,-6,1,968,-7,2,-2082,-13,1,3038,-13,1,-47,-17,1,4924,-6,1,968,-7,2,-2082,-13,1,3038,-13,1,-47,-17,1,4924,-6,1,968,-7,2,-2082,-13,1,3038,-13,1,-47,-17,1,4924
0.0,-14,1,2475,0,1,3090,0,1,3090,0,1,3090,-4,1,3090,-4,1,3090,0,1,3090,0,1,3090,0,1,3090,-4,1,3090,-4,1,3090,0,1,3090,0,1,3090,0,1,3090,-4,1,3090,-4,1,3090,0,1,3090,0,1,3090,0,1,3090,-4,1,3090,-4,1,3090,0,1,3090,0,1,3090,0,1,3090,-4,1,3090,-4,1,3090
0.0,-37,0,41345,-37,0,21143,-38,0,23099,-37,0,15693,-37,0,17002,-37,0,12437,-37,0,21143,-38,0,23099,-37,0,15693,-37,0,17002,-37,0,12437,-37,0,21143,-38,0,23099,-37,0,15693,-37,0,17002,-37,0,12437,-37,0,21143,-38,0,23099,-37,0,15693,-37,0,17002,-37,0,12437,-37,0,21143,-38,0,23099,-37,0,15693,-37,0,17002,-37,0,12437
0.0,9,1,3539,15,1,5415,8,1,4278,8,1,5457,8,1,4552,-4,1,6250,15,1,5415,8,1,4278,8,1,5457,8,1,4552,-4,1,6250,15,1,5415,8,1,4278,8,1,5457,8,1,4552,-4,1,6250,15,1,5415,8,1,4278,8,1,5457,8,1,4552,-4,1,6250,15,1,5415,8,1,4278,8,1,5457,8,1,4552,-4,1,6250
0.0,-40,0,45715,-35,0,29355,-42,0,30273,-48,0,24185,-52,0,24964,-47,0,19688,-35,0,29355,-42,0,30273,-48,0,24185,-52,0,24964,-47,0,19688,-35,0,29355,-42,0,30273,-48,0,24185,-52,0,24964,-47,0,19688,-35,0,29355,-42,0,30273,-48,0,24185,-52,0,24964,-47,0,19688,-35,0,29355,-42,0,30273,-48,0,24185,-52,0,24964,-47,0,19688
0.0,4,1,4110,7,1,5853,7,1,5339,8,1,6452,3,1,6347,4,1,7460,7,1,5853,7,1,5339,8,1,6452,3,1,6347,4,1,7460,7,1,5853,7,1,5339,8,1,6452,3,1,6347,4,1,7460,7,1,5853,7,1,5339,8,1,6452,3,1,6347,4,1,7460,7,1,5853,7,1,5339,8,1,6452,3,1,6347,4,1,7460
1.0,2,1,16824,4,1,16235,1,1,12782,1,1,13888,7,1,10748,7,1,11525,4,1,16235,1,1,12782,1,1,13888,7,1,10748,7,1,11525,4,1,16235,1,1,12782,1,1,13888,7,1,10748,7,1,11525,4,1,16235,1,1,12782,1,1,13888,7,1,10748,7,1,11525,4,1,16235,1,1,12782,1,1,13888,7,1,10748,7,1,11525
1.0,18,1,9298,24,1,9010,24,1,7762,24,1,8662,24,1,7682,27,1,8220,24,1,9010,24,1,7762,24,1,8662,24,1,7682,27,1,8220,24,1,9010,24,1,7762,24,1,8662,24,1,7682,27,1,8220,24,1,9010,24,1,7762,24,1,8662,24,1,7682,27,1,8220,24,1,9010,24,1,7762,24,1,8662,24,1,7682,27,1,8220
1.0,-1,1,10219,3,1,9017,-5,1,7735,0,1,8712,-1,1,7567,-1,1,8279,3,1,9017,-5,1,7735,0,1,8712,-1,1,7567,-1,1,8279,3,1,9017,-5,1,7735,0,1,8712,-1,1,7567,-1,1,8279,3,1,9017,-5,1,7735,0,1,8712,-1,1,7567,-1,1,8279,3,1,9017,-5,1,7735,0,1,8712,-1,1,7567,-1,1,8279
0.0,-4,0,6231,-4,0,-341,-11,0,748,-11,1,1181,-11,0,-169,-12,1,3068,-4,0,-341,-11,0,748,-11,1,1181,-11,0,-169,-12,1,3068,-4,0,-341,-11,0,748,-11,1,1181,-11,0,-169,-12,1,3068,-4,0,-341,-11,0,748,-11,1,1181,-11,0,-169,-12,1,3068,-4,0,-341,-11,0,748,-11,1,1181,-11,0,-169,-12,1,3068
0.0,-20,0,3179,-16,0,892,-17,0,892,-19,0,681,-19,0,681,-61,0,0,-16,0,892,-17,0,892,-19,0,681,-19,0,681,-61,0,0,-16,0,892,-17,0,892,-19,0,681,-19,0,681,-61,0,0,-16,0,892,-17,0,892,-19,0,681,-19,0,681,-61,0,0,-16,0,892,-17,0,892,-19,0,681,-19,0,681,-61,0,0
1.0,5,1,24677,5,1,21291,5,1,17667,5,1,18588,5,1,14310,5,1,15260,5,1,21291,5,1,17667,5,1,18588,5,1,14310,5,1,15260,5,1,21291,5,1,17667,5,1,18588,5,1,14310,5,1,15260,5,1,21291,5,1,17667,5,1,18588,5,1,14310,5,1,15260,5,1,21291,5,1,17667,5,1,18588,5,1,14310,5,1,15260
1.0,24,1,48275,28,1,50261,28,1,43113,28,1,46555,31,1,40494,32,1,43917,28,1,50261,28,1,43113,28,1,46555,31,1,40494,32,1,43917,28,1,50261,28,1,43113,28,1,46555,31,1,40494,32,1,43917,28,1,50261,28,1,43113,28,1,46555,31,1,40494,32,1,43917,28,1,50261,28,1,43113,28,1,46555,31,1,40494,32,1,43917
0.0,-24,0,19213,-27,0,10814,-29,0,11061,-29,0,7405,-29,0,8249,-29,0,5855,-27,0,10814,-29,0,11061,-29,0,7405,-29,0,8249,-29,0,5855,-27,0,10814,-29,0,11061,-29,0,7405,-29,0,8249,-29,0,5855,-27,0,10814,-29,0,11061,-29,0,7405,-29,0,8249,-29,0,5855,-27,0,10814,-29,0,11061,-29,0,7405,-29,0,8249,-29,0,5855
0.0,-5,1,9272,-5,1,10291,-5,1,8977,-34,1,9093,-34,1,9093,-34,1,9093,-5,1,10291,-5,1,8977,-34,1,9093,-34,1,9093,-34,1,9093,-5,1,10291,-5,1,8977,-34,1,9093,-34,1,9093,-34,1,9093,-5,1,10291,-5,1,8977,-34,1,9093,-34,1,9093,-34,1,9093,-5,1,10291,-5,1,8977,-34,1,9093,-34,1,9093,-34,1,9093
1.0,16,1,24447,4,1,25637,4,1,21434,4,1,22658,4,1,19494,7,1,20501,4,1,25637,4,1,21434,4,1,22658,4,1,19494,7,1,20501,4,1,25637,4,1,21434,4,1,22658,4,1,19494,7,1,20501,4,1,25637,4,1,21434,4,1,22658,4,1,19494,7,1,20501,4,1,25637,4,1,21434,4,1,22658,4,1,19494,7,1,20501
1.0,39,1,40353,35,1,40822,35,1,34511,35,1,37373,35,1,31603,35,1,35178,35,1,40822,35,1,34511,35,1,37373,35,1,31603,35,1,35178,35,1,40822,35,1,34511,35,1,37373,35,1,31603,35,1,35178,35,1,40822,35,1,34511,35,1,37373,35,1,31603,35,1,35178,35,1,40822,35,1,34511,35,1,37373,35,1,31603,35,1,35178
0.0,-14,0,20413,-4,0,8535,-14,0,9298,-3,0,6036,-12,0,7062,-7,0,3725,-4,0,8535,-14,0,9298,-3,0,6036,-12,0,7062,-7,0,3725,-4,0,8535,-14,0,9298,-3,0,6036,-12,0,7062,-7,0,3725,-4,0,8535,-14,0,9298,-3,0,6036,-12,0,7062,-7,0,3725,-4,0,8535,-14,0,9298,-3,0,6036,-12,0,7062,-7,0,3725
2.0,7,1,-739,1,1,6081,1,1,4626,-5,1,6881,-5,1,5426,-8,1,7291,1,1,6081,1,1,4626,-5,1,6881,-5,1,5426,-8,1,7291,1,1,6081,1,1,4626,-5,1,6881,-5,1,5426,-8,1,7291,1,1,6081,1,1,4626,-5,1,6881,-5,1,5426,-8,1,7291,1,1,6081,1,1,4626,-5,1,6881,-5,1,5426,-8,1,7291
1.0,-3,1,9149,-3,1,9095,0,1,7103,1,1,8116,0,1,7073,0,1,7903,-3,1,9095,0,1,7103,1,1,8116,0,1,7073,0,1,7903,-3,1,9095,0,1,7103,1,1,8116,0,1,7073,0,1,7903,-3,1,9095,0,1,7103,1,1,8116,0,1,7073,0,1,7903,-3,1,9095,0,1,7103,1,1,8116,0,1,7073,0,1,7903
0.0,-38,0,60187,-25,0,37032,-25,0,38751,-23,0,28021,-24,0,29046,-24,0,22048,-25,0,37032,-25,0,38751,-23,0,28021,-24,0,29046,-24,0,22048,-25,0,37032,-25,0,38751,-23,0,28021,-24,0,29046,-24,0,22048,-25,0,37032,-25,0,38751,-23,0,28021,-24,0,29046,-24,0,22048,-25,0,37032,-25,0,38751,-23,0,28021,-24,0,29046,-24,0,22048
1.0,14,1,20142,19,1,19300,14,1,15446,15,1,16573,5,1,13650,6,1,14889,19,1,19300,14,1,15446,15,1,16573,5,1,13650,6,1,14889,19,1,19300,14,1,15446,15,1,16573,5,1,13650,6,1,14889,19,1,19300,14,1,15446,15,1,16573,5,1,13650,6,1,14889,19,1,19300,14,1,15446,15,1,16573,5,1,13650,6,1,14889
1.0,1,1,5987,4,1,8657,4,1,5780,4,1,6886,17,1,5738,17,1,6844,4,1,8657,4,1,5780,4,1,6886,17,1,5738,17,1,6844,4,1,8657,4,1,5780,4,1,6886,17,1,5738,17,1,6844,4,1,8657,4,1,5780,4,1,6886,17,1,5738,17,1,6844,4,1,8657,4,1,5780,4,1,6886,17,1,5738,17,1,6844
1.0,4,1,4346,4,1,5249,1,1,5249,2,1,6181,52,1,6181,67,1,7042,4,1,5249,1,1,5249,2,1,6181,52,1,6181,67,1,7042,4,1,5249,1,1,5249,2,1,6181,52,1,6181,67,1,7042,4,1,5249,1,1,5249,2,1,6181,52,1,6181,67,1,7042,4,1,5249,1,1,5249,2,1,6181,52,1,6181,67,1,7042
0.0,-25,0,13124,-26,0,5415,-26,0,6668,-26,0,3502,-26,0,4693,-26,0,2798,-26,0,5415,-26,0,6668,-26,0,3502,-26,0,4693,-26,0,2798,-26,0,5415,-26,0,6668,-26,0,3502,-26,0,4693,-26,0,2798,-26,0,5415,-26,0,6668,-26,0,3502,-26,0,4693,-26,0,2798,-26,0,5415,-26,0,6668,-26,0,3502,-26,0,4693,-26,0,2798
0.0,-25,0,16834,-25,0,9632,-25,0,9632,-25,0,6392,-29,0,6392,-29,0,4679,-25,0,9632,-25,0,9632,-25,0,6392,-29,0,6392,-29,0,4679,-25,0,9632,-25,0,9632,-25,0,6392,-29,0,6392,-29,0,4679,-25,0,9632,-25,0,9632,-25,0,6392,-29,0,6392,-29,0,4679,-25,0,9632,-25,0,9632,-25,0,6392,-29,0,6392,-29,0,4679
1.0,29,1,24916,22,1,23323,21,1,17876,21,1,19426,21,1,15322,21,1,17026,22,1,23323,21,1,17876,21,1,19426,21,1,15322,21,1,17026,22,1,23323,21,1,17876,21,1,19426,21,1,15322,21,1,17026,22,1,23323,21,1,17876,21,1,19426,21,1,15322,21,1,17026,22,1,23323,21,1,17876,21,1,19426,21,1,15322,21,1,17026
1.0,-6,1,5567,14,1,5655,-1,1,3926,18,1,5105,14,1,3242,19,1,4273,14,1,5655,-1,1,3926,18,1,5105,14,1,3242,19,1,4273,14,1,5655,-1,1,3926,18,1,5105,14,1,3242,19,1,4273,14,1,5655,-1,1,3926,18,1,5105,14,1,3242,19,1,4273,14,1,5655,-1,1,3926,18,1,5105,14,1,3242,19,1,4273
0.0,7,0,412,-4,1,3861,-5,1,2505,-5,1,4658,-3,1,3064,-5,1,5570,-4,1,3861,-5,1,2505,-5,1,4658,-3,1,3064,-5,1,5570,-4,1,3861,-5,1,2505,-5,1,4658,-3,1,3064,-5,1,5570,-4,1,3861,-5,1,2505,-5,1,4658,-3,1,3064,-5,1,5570,-4,1,3861,-5,1,2505,-5,1,4658,-3,1,3064,-5,1,5570
1.0,-1,1,5721,-5,1,6385,-3,1,3922,-6,1,5795,-2,1,4437,-7,1,5432,-5,1,6385,-3,1,3922,-6,1,5795,-2,1,4437,-7,1,5432,-5,1,6385,-3,1,3922,-6,1,5795,-2,1,4437,-7,1,5432,-5,1,6385,-3,1,3922,-6,1,5795,-2,1,4437,-7,1,5432,-5,1,6385,-3,1,3922,-6,1,5795,-2,1,4437,-7,1,5432
1.0,25,1,33171,20,1,35400,19,1,29148,20,1,32606,20,1,26750,21,1,28689,20,1,35400,19,1,29148,20,1,32606,20,1,26750,21,1,28689,20,1,35400,19,1,29148,20,1,32606,20,1,26750,21,1,28689,20,1,35400,19,1,29148,20,1,32606,20,1,26750,21,1,28689,20,1,35400,19,1,29148,20,1,32606,20,1,26750,21,1,28689
1.0,-1,1,15455,13,1,15816,5,1,12608,5,1,14164,4,1,11029,5,1,12909,13,1,15816,5,1,12608,5,1,14164,4,1,11029,5,1,12909,13,1,15816,5,1,12608,5,1,14164,4,1,11029,5,1,12909,13,1,15816,5,1,12608,5,1,14164,4,1,11029,5,1,12909,13,1,15816,5,1,12608,5,1,14164,4,1,11029,5,1,12909
0.0,-36,0,51012,-20,0,29275,-22,0,28307,-21,0,21659,-21,0,22625,-20,0,18068,-20,0,29275,-22,0,28307,-21,0,21659,-21,0,22625,-20,0,18068,-20,0,29275,-22,0,28307,-21,0,21659,-21,0,22625,-20,0,18068,-20,0,29275,-22,0,28307,-21,0,21659,-21,0,22625,-20,0,18068,-20,0,29275,-22,0,28307,-21,0,21659,-21,0,22625,-20,0,18068
0.0,-32,0,30926,-26,0,13941,-26,0,14760,-23,0,10296,-23,0,10953,-22,0,7775,-26,0,13941,-26,0,14760,-23,0,10296,-23,0,10953,-22,0,7775,-26,0,13941,-26,0,14760,-23,0,10296,-23,0,10953,-22,0,7775,-26,0,13941,-26,0,14760,-23,0,10296,-23,0,10953,-22,0,7775,-26,0,13941,-26,0,14760,-23,0,10296,-23,0,10953,-22,0,7775
0.0,-34,0,38730,-17,0,16390,-19,0,17431,-15,0,11342,-17,0,12195,-16,0,6908,-17,0,16390,-19,0,17431,-15,0,11342,-17,0,12195,-16,0,6908,-17,0,16390,-19,0,17431,-15,0,11342,-17,0,12195,-16,0,6908,-17,0,16390,-19,0,17431,-15,0,11342,-17,0,12195,-16,0,6908,-17,0,16390,-19,0,17431,-15,0,11342,-17,0,12195,-16,0,6908
0.0,-14,0,1525,-14,0,471,-17,0,1344,-5,0,1344,-11,0,1344,-2,0,1344,-14,0,471,-17,0,1344,-5,0,1344,-11,0,1344,-2,0,1344,-14,0,471,-17,0,1344,-5,0,1344,-11,0,1344,-2,0,1344,-14,0,471,-17,0,1344,-5,0,1344,-11,0,1344,-2,0,1344,-14,0,471,-17,0,1344,-5,0,1344,-11,0,1344,-2,0,1344
1.0,-18,0,2040,-5,1,3931,-6,1,2797,-6,1,4511,-6,1,3579,-7,1,5328,-5,1,3931,-6,1,2797,-6,1,4511,-6,1,3579,-7,1,5328,-5,1,3931,-6,1,2797,-6,1,4511,-6,1,3579,-7,1,5328,-5,1,3931,-6,1,2797,-6,1,4511,-6,1,3579,-7,1,5328,-5,1,3931,-6,1,2797,-6,1,4511,-6,1,3579,-7,1,5328
0.0,-23,0,30910,-23,0,14654,-23,0,15695,-19,0,10124,-19,0,11084,-19,0,7978,-23,0,14654,-23,0,15695,-19,0,10124,-19,0,11084,-19,0,7978,-23,0,14654,-23,0,15695,-19,0,10124,-19,0,11084,-19,0,7978,-23,0,14654,-23,0,15695,-19,0,10124,-19,0,11084,-19,0,7978,-23,0,14654,-23,0,15695,-19,0,10124,-19,0,11084,-19,0,7978
0.0,-6,0,5897,-10,0,2850,-10,0,3554,-9,1,2667,-10,0,2054,-8,1,4167,-10,0,2850,-10,0,3554,-9,1,2667,-10,0,2054,-8,1,4167,-10,0,2850,-10,0,3554,-9,1,2667,-10,0,2054,-8,1,4167,-10,0,2850,-10,0,3554,-9,1,2667,-10,0,2054,-8,1,4167,-10,0,2850,-10,0,3554,-9,1,2667,-10,0,2054,-8,1,4167
1.0,34,1,34290,21,1,33660,21,1,28462,21,1,31560,21,1,27889,21,1,29969,21,1,33660,21,1,28462,21,1,31560,21,1,27889,21,1,29969,21,1,33660,21,1,28462,21,1,31560,21,1,27889,21,1,29969,21,1,33660,21,1,28462,21,1,31560,21,1,27889,21,1,29969,21,1,33660,21,1,28462,21,1,31560,21,1,27889,21,1,29969
0.0,-18,0,29884,-15,0,14516,-15,0,16418,-14,0,11568,-19,0,12635,-15,0,8524,-15,0,14516,-15,0,16418,-14,0,11568,-19,0,12635,-15,0,8524,-15,0,14516,-15,0,16418,-14,0,11568,-19,0,12635,-15,0,8524,-15,0,14516,-15,0,16418,-14,0,11568,-19,0,12635,-15,0,8524,-15,0,14516,-15,0,16418,-14,0,11568,-19,0,12635,-15,0,8524
1.0,7,1,10647,8,1,10476,8,1,8362,7,1,11368,7,1,9912,7,1,10298,8,1,10476,8,1,8362,7,1,11368,7,1,9912,7,1,10298,8,1,10476,8,1,8362,7,1,11368,7,1,9912,7,1,10298,8,1,10476,8,1,8362,7,1,11368,7,1,9912,7,1,10298,8,1,10476,8,1,8362,7,1,11368,7,1,9912,7,1,10298
0.0,-10,0,9280,-10,0,1769,-11,0,2986,-10,0,974,-11,0,2165,-8,1,2368,-10,0,1769,-11,0,2986,-10,0,974,-11,0,2165,-8,1,2368,-10,0,1769,-11,0,2986,-10,0,974,-11,0,2165,-8,1,2368,-10,0,1769,-11,0,2986,-10,0,974,-11,0,2165,-8,1,2368,-10,0,1769,-11,0,2986,-10,0,974,-11,0,2165,-8,1,2368
1.0,25,1,37599,25,1,32587,25,1,26741,25,1,27880,25,1,24581,25,1,25341,25,1,32587,25,1,26741,25,1,27880,25,1,24581,25,1,25341,25,1,32587,25,1,26741,25,1,27880,25,1,24581,25,1,25341,25,1,32587,25,1,26741,25,1,27880,25,1,24581,25,1,25341,25,1,32587,25,1,26741,25,1,27880,25,1,24581,25,1,25341
1.0,-4,1,4409,-1,1,5439,4,1,3216,7,1,4946,10,1,3530,10,1,5212,-1,1,5439,4,1,3216,7,1,4946,10,1,3530,10,1,5212,-1,1,5439,4,1,3216,7,1,4946,10,1,3530,10,1,5212,-1,1,5439,4,1,3216,7,1,4946,10,1,3530,10,1,5212,-1,1,5439,4,1,3216,7,1,4946,10,1,3530,10,1,5212
1.0,30,1,27723,22,1,27019,21,1,21235,21,1,23849,21,1,19087,20,1,22380,22,1,27019,21,1,21235,21,1,23849,21,1,19087,20,1,22380,22,1,27019,21,1,21235,21,1,23849,21,1,19087,20,1,22380,22,1,27019,21,1,21235,21,1,23849,21,1,19087,20,1,22380,22,1,27019,21,1,21235,21,1,23849,21,1,19087,20,1,22380
1.0,-12,1,7487,-12,1,7170,-13,1,5828,-10,1,6782,-10,1,5828,-10,1,6741,-12,1,7170,-13,1,5828,-10,1,6782,-10,1,5828,-10,1,6741,-12,1,7170,-13,1,5828,-10,1,6782,-10,1,5828,-10,1,6741,-12,1,7170,-13,1,5828,-10,1,6782,-10,1,5828,-10,1,6741,-12,1,7170,-13,1,5828,-10,1,6782,-10,1,5828,-10,1,6741
0.0,-18,0,20763,-17,0,9315,-30,0,10620,-22,0,7926,-24,0,9220,-26,0,6904,-17,0,9315,-30,0,10620,-22,0,7926,-24,0,9220,-26,0,6904,-17,0,9315,-30,0,10620,-22,0,7926,-24,0,9220,-26,0,6904,-17,0,9315,-30,0,10620,-22,0,7926,-24,0,9220,-26,0,6904,-17,0,9315,-30,0,10620,-22,0,7926,-24,0,9220,-26,0,6904
1.0,16,1,47814,19,1,41618,12,1,34489,19,1,36841,19,1,31847,12,1,34664,19,1,41618,12,1,34489,19,1,36841,19,1,31847,12,1,34664,19,1,41618,12,1,34489,19,1,36841,19,1,31847,12,1,34664,19,1,41618,12,1,34489,19,1,36841,19,1,31847,12,1,34664,19,1,41618,12,1,34489,19,1,36841,19,1,31847,12,1,34664
1.0,-3,1,5975,-3,1,6653,-3,1,5350,-1,1,7074,-1,1,5822,-1,1,6941,-3,1,6653,-3,1,5350,-1,1,7074,-1,1,5822,-1,1,6941,-3,1,6653,-3,1,5350,-1,1,7074,-1,1,5822,-1,1,6941,-3,1,6653,-3,1,5350,-1,1,7074,-1,1,5822,-1,1,6941,-3,1,6653,-3,1,5350,-1,1,7074,-1,1,5822,-1,1,6941
1.0,28,1,51346,34,1,47207,33,1,39410,33,1,41463,33,1,35750,34,1,37722,34,1,47207,33,1,39410,33,1,41463,33,1,35750,34,1,37722,34,1,47207,33,1,39410,33,1,41463,33,1,35750,34,1,37722,34,1,47207,33,1,39410,33,1,41463,33,1,35750,34,1,37722,34,1,47207,33,1,39410,33,1,41463,33,1,35750,34,1,37722
2.0,-15,0,9601,-18,0,3607,-22,0,3607,-25,0,2924,-26,0,2924,-26,0,2924,-18,0,3607,-22,0,3607,-25,0,2924,-26,0,2924,-26,0,2924,-18,0,3607,-22,0,3607,-25,0,2924,-26,0,2924,-26,0,2924,-18,0,3607,-22,0,3607,-25,0,2924,-26,0,2924,-26,0,2924,-18,0,3607,-22,0,3607,-25,0,2924,-26,0,2924,-26,0,2924
1.0,-4,1,4506,-2,1,5153,11,1,5153,11,1,6085,8,1,6085,8,1,6085,-2,1,5153,11,1,5153,11,1,6085,8,1,6085,8,1,6085,-2,1,5153,11,1,5153,11,1,6085,8,1,6085,8,1,6085,-2,1,5153,11,1,5153,11,1,6085,8,1,6085,8,1,6085,-2,1,5153,11,1,5153,11,1,6085,8,1,6085,8,1,6085
1.0,29,1,39646,26,1,37217,26,1,30923,25,1,32795,25,1,27534,25,1,29322,26,1,37217,26,1,30923,25,1,32795,25,1,27534,25,1,29322,26,1,37217,26,1,30923,25,1,32795,25,1,27534,25,1,29322,26,1,37217,26,1,30923,25,1,32795,25,1,27534,25,1,29322,26,1,37217,26,1,30923,25,1,32795,25,1,27534,25,1,29322
1.0,38,1,36170,35,1,38448,34,1,31650,38,1,34661,37,1,29101,37,1,31237,35,1,38448,34,1,31650,38,1,34661,37,1,29101,37,1,31237,35,1,38448,34,1,31650,38,1,34661,37,1,29101,37,1,31237,35,1,38448,34,1,31650,38,1,34661,37,1,29101,37,1,31237,35,1,38448,34,1,31650,38,1,34661,37,1,29101,37,1,31237
0.0,-40,0,40327,-36,0,23735,-36,0,25525,-40,0,19009,-35,0,20268,-35,0,14173,-36,0,23735,-36,0,25525,-40,0,19009,-35,0,20268,-35,0,14173,-36,0,23735,-36,0,25525,-40,0,19009,-35,0,20268,-35,0,14173,-36,0,23735,-36,0,25525,-40,0,19009,-35,0,20268,-35,0,14173,-36,0,23735,-36,0,25525,-40,0,19009,-35,0,20268,-35,0,14173
1.0,-17,1,3823,-17,1,4883,-17,1,3110,-11,1,4216,-12,1,2942,-11,1,4216,-17,1,4883,-17,1,3110,-11,1,4216,-12,1,2942,-11,1,4216,-17,1,4883,-17,1,3110,-11,1,4216,-12,1,2942,-11,1,4216,-17,1,4883,-17,1,3110,-11,1,4216,-12,1,2942,-11,1,4216,-17,1,4883,-17,1,3110,-11,1,4216,-12,1,2942,-11,1,4216
1.0,7,1,28738,8,1,25600,4,1,19836,5,1,21055,6,1,17469,7,1,18631,8,1,25600,4,1,19836,5,1,21055,6,1,17469,7,1,18631,8,1,25600,4,1,19836,5,1,21055,6,1,17469,7,1,18631,8,1,25600,4,1,19836,5,1,21055,6,1,17469,7,1,18631,8,1,25600,4,1,19836,5,1,21055,6,1,17469,7,1,18631
1.0,9,1,5366,13,1,7264,13,1,6225,16,1,7194,16,1,7194,16,1,8122,13,1,7264,13,1,6225,16,1,7194,16,1,7194,16,1,8122,13,1,7264,13,1,6225,16,1,7194,16,1,7194,16,1,8122,13,1,7264,13,1,6225,16,1,7194,16,1,7194,16,1,8122,13,1,7264,13,1,6225,16,1,7194,16,1,7194,16,1,8122
1.0,21,1,16474,9,1,18503,9,1,14502,21,1,16112,11,1,13096,11,1,15059,9,1,18503,9,1,14502,21,1,16112,11,1,13096,11,1,15059,9,1,18503,9,1,14502,21,1,16112,11,1,13096,11,1,15059,9,1,18503,9,1,14502,21,1,16112,11,1,13096,11,1,15059,9,1,18503,9,1,14502,21,1,16112,11,1,13096,11,1,15059
0.0,-31,0,11731,-23,0,5598,-23,0,6653,-22,0,4393,-22,0,5422,-22,0,3226,-23,0,5598,-23,0,6653,-22,0,4393,-22,0,5422,-22,0,3226,-23,0,5598,-23,0,6653,-22,0,4393,-22,0,5422,-22,0,3226,-23,0,5598,-23,0,6653,-22,0,4393,-22,0,5422,-22,0,3226,-23,0,5598,-23,0,6653,-22,0,4393,-22,0,5422,-22,0,3226
0.0,-40,0,50148,-34,0,32438,-31,0,35112,-25,0,24989,-26,0,26080,-25,0,20016,-34,0,32438,-31,0,35112,-25,0,24989,-26,0,26080,-25,0,20016,-34,0,32438,-31,0,35112,-25,0,24989,-26,0,26080,-25,0,20016,-34,0,32438,-31,0,35112,-25,0,24989,-26,0,26080,-25,0,20016,-34,0,32438,-31,0,35112,-25,0,24989,-26,0,26080,-25,0,20016
2.0,6,1,6643,7,1,7492,1,1,6463,2,1,8275,2,1,6523,3,1,7691,7,1,7492,1,1,6463,2,1,8275,2,1,6523,3,1,7691,7,1,7492,1,1,6463,2,1,8275,2,1,6523,3,1,7691,7,1,7492,1,1,6463,2,1,8275,2,1,6523,3,1,7691,7,1,7492,1,1,6463,2,1,8275,2,1,6523,3,1,7691
1.0,-1,1,14653,2,1,13854,2,1,11075,-3,1,11075,-7,1,9322,-5,1,9322,2,1,13854,2,1,11075,-3,1,11075,-7,1,9322,-5,1,9322,2,1,13854,2,1,11075,-3,1,11075,-7,1,9322,-5,1,9322,2,1,13854,2,1,11075,-3,1,11075,-7,1,9322,-5,1,9322,2,1,13854,2,1,11075,-3,1,11075,-7,1,9322,-5,1,9322
1.0,29,1,34091,29,1,32211,26,1,26664,23,1,28728,29,1,24483,23,1,26210,29,1,32211,26,1,26664,23,1,28728,29,1,24483,23,1,26210,29,1,32211,26,1,26664,23,1,28728,29,1,24483,23,1,26210,29,1,32211,26,1,26664,23,1,28728,29,1,24483,23,1,26210,29,1,32211,26,1,26664,23,1,28728,29,1,24483,23,1,26210
0.0,-29,0,40918,-19,0,23808,-19,0,25061,-19,0,17881,-22,0,19059,-22,0,13830,-19,0,23808,-19,0,25061,-19,0,17881,-22,0,19059,-22,0,13830,-19,0,23808,-19,0,25061,-19,0,17881,-22,0,19059,-22,0,13830,-19,0,23808,-19,0,25061,-19,0,17881,-22,0,19059,-22,0,13830,-19,0,23808,-19,0,25061,-19,0,17881,-22,0,19059,-22,0,13830
0.0,-10,0,6985,-10,1,2490,-12,0,1230,-10,1,4930,-13,1,1752,-11,1,6694,-10,1,2490,-12,0,1230,-10,1,4930,-13,1,1752,-11,1,6694,-10,1,2490,-12,0,1230,-10,1,4930,-13,1,1752,-11,1,6694,-10,1,2490,-12,0,1230,-10,1,4930,-13,1,1752,-11,1,6694,-10,1,2490,-12,0,1230,-10,1,4930,-13,1,1752,-11,1,6694
0.0,-60,0,66368,-42,0,41146,-43,0,44502,-44,0,34268,-43,0,36195,-43,0,27434,-42,0,41146,-43,0,44502,-44,0,34268,-43,0,36195,-43,0,27434,-42,0,41146,-43,0,44502,-44,0,34268,-43,0,36195,-43,0,27434,-42,0,41146,-43,0,44502,-44,0,34268,-43,0,36195,-43,0,27434,-42,0,41146,-43,0,44502,-44,0,34268,-43,0,36195,-43,0,27434
0.0,-24,0,4414,-24,0,1297,-24,0,2404,-13,0,1297,-13,0,1297,-13,0,1297,-24,0,1297,-24,0,2404,-13,0,1297,-13,0,1297,-13,0,1297,-24,0,1297,-24,0,2404,-13,0,1297,-13,0,1297,-13,0,1297,-24,0,1297,-24,0,2404,-13,0,1297,-13,0,1297,-13,0,1297,-24,0,1297,-24,0,2404,-13,0,1297,-13,0,1297,-13,0,1297
1.0,17,1,32992,18,1,28154,15,1,22461,18,1,23932,16,1,20754,16,1,22589,18,1,28154,15,1,22461,18,1,23932,16,1,20754,16,1,22589,18,1,28154,15,1,22461,18,1,23932,16,1,20754,16,1,22589,18,1,28154,15,1,22461,18,1,23932,16,1,20754,16,1,22589,18,1,28154,15,1,22461,18,1,23932,16,1,20754,16,1,22589
0.0,-6,0,1438,-7,1,-2329,-5,2,-669,-5,1,1129,-12,1,81,-5,1,3825,-7,1,-2329,-5,2,-669,-5,1,1129,-12,1,81,-5,1,3825,-7,1,-2329,-5,2,-669,-5,1,1129,-12,1,81,-5,1,3825,-7,1,-2329,-5,2,-669,-5,1,1129,-12,1,81,-5,1,3825,-7,1,-2329,-5,2,-669,-5,1,1129,-12,1,81,-5,1,3825
0.0,-25,0,14217,-22,0,8367,-27,0,9395,-23,0,6376,-23,0,6376,-22,0,4404,-22,0,8367,-27,0,9395,-23,0,6376,-23,0,6376,-22,0,4404,-22,0,8367,-27,0,9395,-23,0,6376,-23,0,6376,-22,0,4404,-22,0,8367,-27,0,9395,-23,0,6376,-23,0,6376,-22,0,4404,-22,0,8367,-27,0,9395,-23,0,6376,-23,0,6376,-22,0,4404
1.0,32,1,48814,24,1,44677,25,1,38084,25,1,40315,24,1,34205,28,1,36189,24,1,44677,25,1,38084,25,1,40315,24,1,34205,28,1,36189,24,1,44677,25,1,38084,25,1,40315,24,1,34205,28,1,36189,24,1,44677,25,1,38084,25,1,40315,24,1,34205,28,1,36189,24,1,44677,25,1,38084,25,1,40315,24,1,34205,28,1,36189
0.0,-11,0,7679,-14,0,4309,-14,0,5400,-14,0,4048,-13,0,5183,-14,0,4048,-14,0,4309,-14,0,5400,-14,0,4048,-13,0,5183,-14,0,4048,-14,0,4309,-14,0,5400,-14,0,4048,-13,0,5183,-14,0,4048,-14,0,4309,-14,0,5400,-14,0,4048,-13,0,5183,-14,0,4048,-14,0,4309,-14,0,5400,-14,0,4048,-13,0,5183,-14,0,4048
1.0,13,1,30041,13,1,26125,12,1,20839,11,1,22023,11,1,17437,11,1,18304,13,1,26125,12,1,20839,11,1,22023,11,1,17437,11,1,18304,13,1,26125,12,1,20839,11,1,22023,11,1,17437,11,1,18304,13,1,26125,12,1,20839,11,1,22023,11,1,17437,11,1,18304,13,1,26125,12,1,20839,11,1,22023,11,1,17437,11,1,18304
0.0,-9,0,8793,-7,0,-740,-12,0,302,-6,0,-811,-6,0,90,-5,1,-96,-7,0,-740,-12,0,302,-6,0,-811,-6,0,90,-5,1,-96,-7,0,-740,-12,0,302,-6,0,-811,-6,0,90,-5,1,-96,-7,0,-740,-12,0,302,-6,0,-811,-6,0,90,-5,1,-96,-7,0,-740,-12,0,302,-6,0,-811,-6,0,90,-5,1,-96
0.0,-7,0,13720,-6,0,3875,-6,0,4701,-5,0,1073,-4,0,1891,-3,0,355,-6,0,3875,-6,0,4701,-5,0,1073,-4,0,1891,-3,0,355,-6,0,3875,-6,0,4701,-5,0,1073,-4,0,1891,-3,0,355,-6,0,3875,-6,0,4701,-5,0,1073,-4,0,1891,-3,0,355,-6,0,3875,-6,0,4701,-5,0,1073,-4,0,1891,-3,0,355
0.0,-10,0,1943,-10,0,367,-9,0,1074,-8,0,-136,-8,0,884,-11,0,756,-10,0,367,-9,0,1074,-8,0,-136,-8,0,884,-11,0,756,-10,0,367,-9,0,1074,-8,0,-136,-8,0,884,-11,0,756,-10,0,367,-9,0,1074,-8,0,-136,-8,0,884,-11,0,756,-10,0,367,-9,0,1074,-8,0,-136,-8,0,884,-11,0,756
0.0,-4,0,6675,-6,0,903,-3,0,1841,-6,0,36,-1,0,974,-5,1,1023,-6,0,903,-3,0,1841,-6,0,36,-1,0,974,-5,1,1023,-6,0,903,-3,0,1841,-6,0,36,-1,0,974,-5,1,1023,-6,0,903,-3,0,1841,-6,0,36,-1,0,974,-5,1,1023,-6,0,903,-3,0,1841,-6,0,36,-1,0,974,-5,1,1023
1.0,-1,1,7737,5,1,9511,2,1,6683,3,1,7432,2,1,5561,3,1,6310,5,1,9511,2,1,6683,3,1,7432,2,1,5561,3,1,6310,5,1,9511,2,1,6683,3,1,7432,2,1,5561,3,1,6310,5,1,9511,2,1,6683,3,1,7432,2,1,5561,3,1,6310,5,1,9511,2,1,6683,3,1,7432,2,1,5561,3,1,6310
1.0,11,1,29127,8,1,30454,11,1,26427,7,1,27569,10,1,23774,8,1,25502,8,1,30454,11,1,26427,7,1,27569,10,1,23774,8,1,25502,8,1,30454,11,1,26427,7,1,27569,10,1,23774,8,1,25502,8,1,30454,11,1,26427,7,1,27569,10,1,23774,8,1,25502,8,1,30454,11,1,26427,7,1,27569,10,1,23774,8,1,25502
0.0,-15,0,32533,-14,0,16890,-20,0,17557,-25,0,11232,-16,0,11762,-18,0,7642,-14,0,16890,-20,0,17557,-25,0,11232,-16,0,11762,-18,0,7642,-14,0,16890,-20,0,17557,-25,0,11232,-16,0,11762,-18,0,7642,-14,0,16890,-20,0,17557,-25,0,11232,-16,0,11762,-18,0,7642,-14,0,16890,-20,0,17557,-25,0,11232,-16,0,11762,-18,0,7642
0.0,-15,0,5905,-24,0,2688,-24,0,2688,-24,0,1833,-24,0,1833,-18,0,986,-24,0,2688,-24,0,2688,-24,0,1833,-24,0,1833,-18,0,986,-24,0,2688,-24,0,2688,-24,0,1833,-24,0,1833,-18,0,986,-24,0,2688,-24,0,2688,-24,0,1833,-24,0,1833,-18,0,986,-24,0,2688,-24,0,2688,-24,0,1833,-24,0,1833,-18,0,986
0.0,-25,0,15579,-25,0,8030,-26,0,9178,-22,0,6147,-23,0,7066,-22,0,4975,-25,0,8030,-26,0,9178,-22,0,6147,-23,0,7066,-22,0,4975,-25,0,8030,-26,0,9178,-22,0,6147,-23,0,7066,-22,0,4975,-25,0,8030,-26,0,9178,-22,0,6147,-23,0,7066,-22,0,4975,-25,0,8030,-26,0,9178,-22,0,6147,-23,0,7066,-22,0,4975
0.0,-28,0,40335,-6,0,16678,-7,0,18489,-5,0,10121,-5,0,11773,-4,0,5909,-6,0,16678,-7,0,18489,-5,0,10121,-5,0,11773,-4,0,5909,-6,0,16678,-7,0,18489,-5,0,10121,-5,0,11773,-4,0,5909,-6,0,16678,-7,0,18489,-5,0,10121,-5,0,11773,-4,0,5909,-6,0,16678,-7,0,18489,-5,0,10121,-5,0,11773,-4,0,5909
1.0,5,1,17084,0,1,18230,-1,1,14018,5,1,16060,5,1,12836,5,1,13984,0,1,18230,-1,1,14018,5,1,16060,5,1,12836,5,1,13984,0,1,18230,-1,1,14018,5,1,16060,5,1,12836,5,1,13984,0,1,18230,-1,1,14018,5,1,16060,5,1,12836,5,1,13984,0,1,18230,-1,1,14018,5,1,16060,5,1,12836,5,1,13984
1.0,20,1,24140,19,1,24452,19,1,18780,19,1,20130,14,1,16697,15,1,17964,19,1,24452,19,1,18780,19,1,20130,14,1,16697,15,1,17964,19,1,24452,19,1,18780,19,1,20130,14,1,16697,15,1,17964,19,1,24452,19,1,18780,19,1,20130,14,1,16697,15,1,17964,19,1,24452,19,1,18780,19,1,20130,14,1,16697,15,1,17964
0.0,-23,1,5527,-18,1,4982,-18,1,3547,-14,1,4265,-14,1,4065,-18,1,4864,-18,1,4982,-18,1,3547,-14,1,4265,-14,1,4065,-18,1,4864,-18,1,4982,-18,1,3547,-14,1,4265,-14,1,4065,-18,1,4864,-18,1,4982,-18,1,3547,-14,1,4265,-14,1,4065,-18,1,4864,-18,1,4982,-18,1,3547,-14,1,4265,-14,1,4065,-18,1,4864
1.0,-6,1,6457,-7,1,7638,-8,1,5562,-7,1,6668,-7,1,5520,-7,1,6238,-7,1,7638,-8,1,5562,-7,1,6668,-7,1,5520,-7,1,6238,-7,1,7638,-8,1,5562,-7,1,6668,-7,1,5520,-7,1,6238,-7,1,7638,-8,1,5562,-7,1,6668,-7,1,5520,-7,1,6238,-7,1,7638,-8,1,5562,-7,1,6668,-7,1,5520,-7,1,6238
1.0,0,1,10623,1,1,10095,0,1,7530,2,1,8649,0,1,7374,4,1,8306,1,1,10095,0,1,7530,2,1,8649,0,1,7374,4,1,8306,1,1,10095,0,1,7530,2,1,8649,0,1,7374,4,1,8306,1,1,10095,0,1,7530,2,1,8649,0,1,7374,4,1,8306,1,1,10095,0,1,7530,2,1,8649,0,1,7374,4,1,8306
0.0,-12,0,6280,-21,0,4580,-21,0,4580,-21,0,3454,-21,0,3454,-21,1,3886,-21,0,4580,-21,0,4580,-21,0,3454,-21,0,3454,-21,1,3886,-21,0,4580,-21,0,4580,-21,0,3454,-21,0,3454,-21,1,3886,-21,0,4580,-21,0,4580,-21,0,3454,-21,0,3454,-21,1,3886,-21,0,4580,-21,0,4580,-21,0,3454,-21,0,3454,-21,1,3886
1.0,19,1,22300,20,1,20673,19,1,16560,20,1,17353,20,1,14199,21,1,15127,20,1,20673,19,1,16560,20,1,17353,20,1,14199,21,1,15127,20,1,20673,19,1,16560,20,1,17353,20,1,14199,21,1,15127,20,1,20673,19,1,16560,20,1,17353,20,1,14199,21,1,15127,20,1,20673,19,1,16560,20,1,17353,20,1,14199,21,1,15127
1.0,16,1,28421,15,1,25830,6,1,20362,5,1,21486,20,1,17554,20,1,19214,15,1,25830,6,1,20362,5,1,21486,20,1,17554,20,1,19214,15,1,25830,6,1,20362,5,1,21486,20,1,17554,20,1,19214,15,1,25830,6,1,20362,5,1,21486,20,1,17554,20,1,19214,15,1,25830,6,1,20362,5,1,21486,20,1,17554,20,1,19214
0.0,-41,0,30066,-41,0,13393,-42,0,14382,-42,0,8318,-42,0,9201,-43,0,5888,-41,0,13393,-42,0,14382,-42,0,8318,-42,0,9201,-43,0,5888,-41,0,13393,-42,0,14382,-42,0,8318,-42,0,9201,-43,0,5888,-41,0,13393,-42,0,14382,-42,0,8318,-42,0,9201,-43,0,5888,-41,0,13393,-42,0,14382,-42,0,8318,-42,0,9201,-43,0,5888
1.0,4,1,15361,0,1,14757,3,1,11705,-3,1,12853,0,1,9958,0,1,10751,0,1,14757,3,1,11705,-3,1,12853,0,1,9958,0,1,10751,0,1,14757,3,1,11705,-3,1,12853,0,1,9958,0,1,10751,0,1,14757,3,1,11705,-3,1,12853,0,1,9958,0,1,10751,0,1,14757,3,1,11705,-3,1,12853,0,1,9958,0,1,10751
0.0,-41,0,49926,-31,0,29241,-32,0,32025,-32,0,25215,-34,0,27179,-32,0,20842,-31,0,29241,-32,0,32025,-32,0,25215,-34,0,27179,-32,0,20842,-31,0,29241,-32,0,32025,-32,0,25215,-34,0,27179,-32,0,20842,-31,0,29241,-32,0,32025,-32,0,25215,-34,0,27179,-32,0,20842,-31,0,29241,-32,0,32025,-32,0,25215,-34,0,27179,-32,0,20842
1.0,8,1,1494,14,1,6717,11,1,5748,11,1,6896,7,1,5748,11,1,6896,14,1,6717,11,1,5748,11,1,6896,7,1,5748,11,1,6896,14,1,6717,11,1,5748,11,1,6896,7,1,5748,11,1,6896,14,1,6717,11,1,5748,11,1,6896,7,1,5748,11,1,6896,14,1,6717,11,1,5748,11,1,6896,7,1,5748,11,1,6896
0.0,-17,0,8696,-17,0,4444,-9,0,5287,-8,0,3154,-14,0,4138,-15,0,1943,-17,0,4444,-9,0,5287,-8,0,3154,-14,0,4138,-15,0,1943,-17,0,4444,-9,0,5287,-8,0,3154,-14,0,4138,-15,0,1943,-17,0,4444,-9,0,5287,-8,0,3154,-14,0,4138,-15,0,1943,-17,0,4444,-9,0,5287,-8,0,3154,-14,0,4138,-15,0,1943
1.0,15,1,35439,18,1,31824,15,1,24956,21,1,26698,21,1,21660,21,1,23419,18,1,31824,15,1,24956,21,1,26698,21,1,21660,21,1,23419,18,1,31824,15,1,24956,21,1,26698,21,1,21660,21,1,23419,18,1,31824,15,1,24956,21,1,26698,21,1,21660,21,1,23419,18,1,31824,15,1,24956,21,1,26698,21,1,21660,21,1,23419
2.0,-6,1,3100,-6,1,5827,-8,1,3870,-8,1,4953,-12,1,3913,-12,1,4867,-6,1,5827,-8,1,3870,-8,1,4953,-12,1,3913,-12,1,4867,-6,1,5827,-8,1,3870,-8,1,4953,-12,1,3913,-12,1,4867,-6,1,5827,-8,1,3870,-8,1,4953,-12,1,3913,-12,1,4867,-6,1,5827,-8,1,3870,-8,1,4953,-12,1,3913,-12,1,4867
0.0,-49,0,60540,-39,0,40173,-42,0,41923,-45,0,33418,-45,0,34583,-37,0,26891,-39,0,40173,-42,0,41923,-45,0,33418,-45,0,34583,-37,0,26891,-39,0,40173,-42,0,41923,-45,0,33418,-45,0,34583,-37,0,26891,-39,0,40173,-42,0,41923,-45,0,33418,-45,0,34583,-37,0,26891,-39,0,40173,-42,0,41923,-45,0,33418,-45,0,34583,-37,0,26891
0.0,-2,0,5667,2,0,1609,-2,0,2921,6,0,68,2,0,407,-2,0,-594,2,0,1609,-2,0,2921,6,0,68,2,0,407,-2,0,-594,2,0,1609,-2,0,2921,6,0,68,2,0,407,-2,0,-594,2,0,1609,-2,0,2921,6,0,68,2,0,407,-2,0,-594,2,0,1609,-2,0,2921,6,0,68,2,0,407,-2,0,-594
1.0,-12,1,5375,-12,1,6220,-16,1,5254,-16,1,5254,-16,1,4509,-15,1,4509,-12,1,6220,-16,1,5254,-16,1,5254,-16,1,4509,-15,1,4509,-12,1,6220,-16,1,5254,-16,1,5254,-16,1,4509,-15,1,4509,-12,1,6220,-16,1,5254,-16,1,5254,-16,1,4509,-15,1,4509,-12,1,6220,-16,1,5254,-16,1,5254,-16,1,4509,-15,1,4509
0.0,-15,0,8885,-15,0,1660,-12,0,2922,-11,0,613,-12,0,1702,-11,1,4759,-15,0,1660,-12,0,2922,-11,0,613,-12,0,1702,-11,1,4759,-15,0,1660,-12,0,2922,-11,0,613,-12,0,1702,-11,1,4759,-15,0,1660,-12,0,2922,-11,0,613,-12,0,1702,-11,1,4759,-15,0,1660,-12,0,2922,-11,0,613,-12,0,1702,-11,1,4759
1.0,11,1,6233,10,1,8634,9,1,6561,9,1,8508,10,1,6059,10,1,8006,10,1,8634,9,1,6561,9,1,8508,10,1,6059,10,1,8006,10,1,8634,9,1,6561,9,1,8508,10,1,6059,10,1,8006,10,1,8634,9,1,6561,9,1,8508,10,1,6059,10,1,8006,10,1,8634,9,1,6561,9,1,8508,10,1,6059,10,1,8006
1.0,1,1,3389,-4,1,6085,-5,1,4576,-5,1,6720,-2,1,5353,-2,1,6658,-4,1,6085,-5,1,4576,-5,1,6720,-2,1,5353,-2,1,6658,-4,1,6085,-5,1,4576,-5,1,6720,-2,1,5353,-2,1,6658,-4,1,6085,-5,1,4576,-5,1,6720,-2,1,5353,-2,1,6658,-4,1,6085,-5,1,4576,-5,1,6720,-2,1,5353,-2,1,6658
0.0,-26,0,41858,-26,0,20551,-26,0,20551,-26,0,14743,-26,0,14743,-21,0,9063,-26,0,20551,-26,0,20551,-26,0,14743,-26,0,14743,-21,0,9063,-26,0,20551,-26,0,20551,-26,0,14743,-26,0,14743,-21,0,9063,-26,0,20551,-26,0,20551,-26,0,14743,-26,0,14743,-21,0,9063,-26,0,20551,-26,0,20551,-26,0,14743,-26,0,14743,-21,0,9063
0.0,-12,0,10919,-11,0,3215,-15,0,4213,-14,0,1530,-12,0,3031,-15,0,1763,-11,0,3215,-15,0,4213,-14,0,1530,-12,0,3031,-15,0,1763,-11,0,3215,-15,0,4213,-14,0,1530,-12,0,3031,-15,0,1763,-11,0,3215,-15,0,4213,-14,0,1530,-12,0,3031,-15,0,1763,-11,0,3215,-15,0,4213,-14,0,1530,-12,0,3031,-15,0,1763
0.0,-21,0,34067,-21,0,20244,-21,0,20301,-21,0,14885,-21,0,14885,-21,0,10262,-21,0,20244,-21,0,20301,-21,0,14885,-21,0,14885,-21,0,10262,-21,0,20244,-21,0,20301,-21,0,14885,-21,0,14885,-21,0,10262,-21,0,20244,-21,0,20301,-21,0,14885,-21,0,14885,-21,0,10262,-21,0,20244,-21,0,20301,-21,0,14885,-21,0,14885,-21,0,10262
1.0,0,1,7447,0,1,6941,-4,1,4851,-4,1,6163,-3,1,4660,-4,1,6013,0,1,6941,-4,1,4851,-4,1,6163,-3,1,4660,-4,1,6013,0,1,6941,-4,1,4851,-4,1,6163,-3,1,4660,-4,1,6013,0,1,6941,-4,1,4851,-4,1,6163,-3,1,4660,-4,1,6013,0,1,6941,-4,1,4851,-4,1,6163,-3,1,4660,-4,1,6013
1.0,26,1,39952,23,1,34998,21,1,25891,21,1,27705,24,1,23501,24,1,25343,23,1,34998,21,1,25891,21,1,27705,24,1,23501,24,1,25343,23,1,34998,21,1,25891,21,1,27705,24,1,23501,24,1,25343,23,1,34998,21,1,25891,21,1,27705,24,1,23501,24,1,25343,23,1,34998,21,1,25891,21,1,27705,24,1,23501,24,1,25343
1.0,38,1,62135,38,1,56654,37,1,46844,37,1,48972,37,1,41658,37,1,43786,38,1,56654,37,1,46844,37,1,48972,37,1,41658,37,1,43786,38,1,56654,37,1,46844,37,1,48972,37,1,41658,37,1,43786,38,1,56654,37,1,46844,37,1,48972,37,1,41658,37,1,43786,38,1,56654,37,1,46844,37,1,48972,37,1,41658,37,1,43786
1.0,6,1,8891,5,1,9290,5,1,5835,5,1,7648,4,1,6226,4,1,7009,5,1,9290,5,1,5835,5,1,7648,4,1,6226,4,1,7009,5,1,9290,5,1,5835,5,1,7648,4,1,6226,4,1,7009,5,1,9290,5,1,5835,5,1,7648,4,1,6226,4,1,7009,5,1,9290,5,1,5835,5,1,7648,4,1,6226,4,1,7009
0.0,-12,0,5840,-3,0,282,-3,0,2282,3,0,756,3,0,1868,4,0,1030,-3,0,282,-3,0,2282,3,0,756,3,0,1868,4,0,1030,-3,0,282,-3,0,2282,3,0,756,3,0,1868,4,0,1030,-3,0,282,-3,0,2282,3,0,756,3,0,1868,4,0,1030,-3,0,282,-3,0,2282,3,0,756,3,0,1868,4,0,1030
1.0,3,1,10754,3,1,10581,3,1,8499,3,1,8876,3,1,7725,3,1,7725,3,1,10581,3,1,8499,3,1,8876,3,1,7725,3,1,7725,3,1,10581,3,1,8499,3,1,8876,3,1,7725,3,1,7725,3,1,10581,3,1,8499,3,1,8876,3,1,7725,3,1,7725,3,1,10581,3,1,8499,3,1,8876,3,1,7725,3,1,7725
1.0,7,1,15294,4,1,14284,3,1,10302,6,1,11169,1,1,8260,4,1,9221,4,1,14284,3,1,10302,6,1,11169,1,1,8260,4,1,9221,4,1,14284,3,1,10302,6,1,11169,1,1,8260,4,1,9221,4,1,14284,3,1,10302,6,1,11169,1,1,8260,4,1,9221,4,1,14284,3,1,10302,6,1,11169,1,1,8260,4,1,9221
0.0,0,0,7553,0,0,2202,2,0,3243,-4,1,3269,-8,0,1847,-7,1,4352,0,0,2202,2,0,3243,-4,1,3269,-8,0,1847,-7,1,4352,0,0,2202,2,0,3243,-4,1,3269,-8,0,1847,-7,1,4352,0,0,2202,2,0,3243,-4,1,3269,-8,0,1847,-7,1,4352,0,0,2202,2,0,3243,-4,1,3269,-8,0,1847,-7,1,4352
0.0,-5,0,5568,-5,1,1386,-8,0,2012,4,1,3612,-2,0,1027,1,1,5130,-5,1,1386,-8,0,2012,4,1,3612,-2,0,1027,1,1,5130,-5,1,1386,-8,0,2012,4,1,3612,-2,0,1027,1,1,5130,-5,1,1386,-8,0,2012,4,1,3612,-2,0,1027,1,1,5130,-5,1,1386,-8,0,2012,4,1,3612,-2,0,1027,1,1,5130
1.0,20,1,36600,21,1,30454,20,1,26001,20,1,26967,19,1,23689,20,1,24617,21,1,30454,20,1,26001,20,1,26967,19,1,23689,20,1,24617,21,1,30454,20,1,26001,20,1,26967,19,1,23689,20,1,24617,21,1,30454,20,1,26001,20,1,26967,19,1,23689,20,1,24617,21,1,30454,20,1,26001,20,1,26967,19,1,23689,20,1,24617
1.0,9,1,13325,9,1,12712,9,1,9333,9,1,10530,9,1,8347,9,1,9289,9,1,12712,9,1,9333,9,1,10530,9,1,8347,9,1,9289,9,1,12712,9,1,9333,9,1,10530,9,1,8347,9,1,9289,9,1,12712,9,1,9333,9,1,10530,9,1,8347,9,1,9289,9,1,12712,9,1,9333,9,1,10530,9,1,8347,9,1,9289
0.0,7,0,5841,9,1,5024,9,1,3065,6,1,3987,6,1,2927,1,1,4538,9,1,5024,9,1,3065,6,1,3987,6,1,2927,1,1,4538,9,1,5024,9,1,3065,6,1,3987,6,1,2927,1,1,4538,9,1,5024,9,1,3065,6,1,3987,6,1,2927,1,1,4538,9,1,5024,9,1,3065,6,1,3987,6,1,2927,1,1,4538
1.0,4,1,12411,4,1,12127,4,1,9265,4,1,11801,8,1,9008,0,1,11401,4,1,12127,4,1,9265,4,1,11801,8,1,9008,0,1,11401,4,1,12127,4,1,9265,4,1,11801,8,1,9008,0,1,11401,4,1,12127,4,1,9265,4,1,11801,8,1,9008,0,1,11401,4,1,12127,4,1,9265,4,1,11801,8,1,9008,0,1,11401
0.0,-18,0,39241,-15,0,19457,-16,0,19579,-16,0,14232,-11,0,14232,-20,0,9568,-15,0,19457,-16,0,19579,-16,0,14232,-11,0,14232,-20,0,9568,-15,0,19457,-16,0,19579,-16,0,14232,-11,0,14232,-20,0,9568,-15,0,19457,-16,0,19579,-16,0,14232,-11,0,14232,-20,0,9568,-15,0,19457,-16,0,19579,-16,0,14232,-11,0,14232,-20,0,9568
0.0,-24,0,17978,-27,0,6386,-27,0,7336,-21,0,4862,-23,0,5852,-12,0,2745,-27,0,6386,-27,0,7336,-21,0,4862,-23,0,5852,-12,0,2745,-27,0,6386,-27,0,7336,-21,0,4862,-23,0,5852,-12,0,2745,-27,0,6386,-27,0,7336,-21,0,4862,-23,0,5852,-12,0,2745,-27,0,6386,-27,0,7336,-21,0,4862,-23,0,5852,-12,0,2745
0.0,-12,1,3444,-9,1,6882,-14,1,4422,-13,1,6403,-14,1,4100,-13,1,5493,-9,1,6882,-14,1,4422,-13,1,6403,-14,1,4100,-13,1,5493,-9,1,6882,-14,1,4422,-13,1,6403,-14,1,4100,-13,1,5493,-9,1,6882,-14,1,4422,-13,1,6403,-14,1,4100,-13,1,5493,-9,1,6882,-14,1,4422,-13,1,6403,-14,1,4100,-13,1,5493
1.0,6,1,22270,8,1,23065,8,1,19043,8,1,20309,5,1,17814,6,1,19029,8,1,23065,8,1,19043,8,1,20309,5,1,17814,6,1,19029,8,1,23065,8,1,19043,8,1,20309,5,1,17814,6,1,19029,8,1,23065,8,1,19043,8,1,20309,5,1,17814,6,1,19029,8,1,23065,8,1,19043,8,1,20309,5,1,17814,6,1,19029
0.0,-3,1,822,-6,1,1947,-7,1,267,-2,1,2409,-8,1,521,-3,1,2438,-6,1,1947,-7,1,267,-2,1,2409,-8,1,521,-3,1,2438,-6,1,1947,-7,1,267,-2,1,2409,-8,1,521,-3,1,2438,-6,1,1947,-7,1,267,-2,1,2409,-8,1,521,-3,1,2438,-6,1,1947,-7,1,267,-2,1,2409,-8,1,521,-3,1,2438
0.0,-8,1,3190,-8,1,5123,-7,1,4154,-7,1,6172,-7,1,6172,-6,1,7058,-8,1,5123,-7,1,4154,-7,1,6172,-7,1,6172,-6,1,7058,-8,1,5123,-7,1,4154,-7,1,6172,-7,1,6172,-6,1,7058,-8,1,5123,-7,1,4154,-7,1,6172,-7,1,6172,-6,1,7058,-8,1,5123,-7,1,4154,-7,1,6172,-7,1,6172,-6,1,7058
1.0,24,1,37699,24,1,33848,24,1,26051,24,1,29457,23,1,23373,23,1,25400,24,1,33848,24,1,26051,24,1,29457,23,1,23373,23,1,25400,24,1,33848,24,1,26051,24,1,29457,23,1,23373,23,1,25400,24,1,33848,24,1,26051,24,1,29457,23,1,23373,23,1,25400,24,1,33848,24,1,26051,24,1,29457,23,1,23373,23,1,25400
1.0,27,1,48256,38,1,45916,26,1,38446,32,1,41298,31,1,34531,31,1,37876,38,1,45916,26,1,38446,32,1,41298,31,1,34531,31,1,37876,38,1,45916,26,1,38446,32,1,41298,31,1,34531,31,1,37876,38,1,45916,26,1,38446,32,1,41298,31,1,34531,31,1,37876,38,1,45916,26,1,38446,32,1,41298,31,1,34531,31,1,37876
0.0,-4,0,18483,-4,0,6108,-4,0,7264,-3,0,3983,-6,0,3983,-9,0,2387,-4,0,6108,-4,0,7264,-3,0,3983,-6,0,3983,-9,0,2387,-4,0,6108,-4,0,7264,-3,0,3983,-6,0,3983,-9,0,2387,-4,0,6108,-4,0,7264,-3,0,3983,-6,0,3983,-9,0,2387,-4,0,6108,-4,0,7264,-3,0,3983,-6,0,3983,-9,0,2387
0.0,-6,0,4583,-7,0,960,-7,0,1783,-6,1,625,-6,0,615,-8,1,2617,-7,0,960,-7,0,1783,-6,1,625,-6,0,615,-8,1,2617,-7,0,960,-7,0,1783,-6,1,625,-6,0,615,-8,1,2617,-7,0,960,-7,0,1783,-6,1,625,-6,0,615,-8,1,2617,-7,0,960,-7,0,1783,-6,1,625,-6,0,615,-8,1,2617
1.0,14,1,17108,14,1,17795,14,1,13689,14,1,15580,10,1,12566,11,1,13616,14,1,17795,14,1,13689,14,1,15580,10,1,12566,11,1,13616,14,1,17795,14,1,13689,14,1,15580,10,1,12566,11,1,13616,14,1,17795,14,1,13689,14,1,15580,10,1,12566,11,1,13616,14,1,17795,14,1,13689,14,1,15580,10,1,12566,11,1,13616
1.0,26,1,35913,25,1,35131,24,1,30869,25,1,33007,24,1,28650,24,1,30915,25,1,35131,24,1,30869,25,1,33007,24,1,28650,24,1,30915,25,1,35131,24,1,30869,25,1,33007,24,1,28650,24,1,30915,25,1,35131,24,1,30869,25,1,33007,24,1,28650,24,1,30915,25,1,35131,24,1,30869,25,1,33007,24,1,28650,24,1,30915
1.0,1,1,12451,1,1,14384,1,1,12212,1,1,14344,1,1,12346,9,1,13377,1,1,14384,1,1,12212,1,1,14344,1,1,12346,9,1,13377,1,1,14384,1,1,12212,1,1,14344,1,1,12346,9,1,13377,1,1,14384,1,1,12212,1,1,14344,1,1,12346,9,1,13377,1,1,14384,1,1,12212,1,1,14344,1,1,12346,9,1,13377
1.0,22,1,44609,22,1,37088,22,1,28622,22,1,30941,22,1,24526,22,1,25660,22,1,37088,22,1,28622,22,1,30941,22,1,24526,22,1,25660,22,1,37088,22,1,28622,22,1,30941,22,1,24526,22,1,25660,22,1,37088,22,1,28622,22,1,30941,22,1,24526,22,1,25660,22,1,37088,22,1,28622,22,1,30941,22,1,24526,22,1,25660
1.0,29,1,48101,35,1,45801,30,1,39244,30,1,41046,30,1,35211,31,1,37226,35,1,45801,30,1,39244,30,1,41046,30,1,35211,31,1,37226,35,1,45801,30,1,39244,30,1,41046,30,1,35211,31,1,37226,35,1,45801,30,1,39244,30,1,41046,30,1,35211,31,1,37226,35,1,45801,30,1,39244,30,1,41046,30,1,35211,31,1,37226
0.0,-85,0,122784,-57,0,90571,-58,0,95781,-59,0,77319,-60,0,81762,-60,0,66567,-57,0,90571,-58,0,95781,-59,0,77319,-60,0,81762,-60,0,66567,-57,0,90571,-58,0,95781,-59,0,77319,-60,0,81762,-60,0,66567,-57,0,90571,-58,0,95781,-59,0,77319,-60,0,81762,-60,0,66567,-57,0,90571,-58,0,95781,-59,0,77319,-60,0,81762,-60,0,66567
0.0,-11,1,2976,-11,1,6326,-11,1,5128,-2,1,6189,-11,1,4988,-3,1,5814,-11,1,6326,-11,1,5128,-2,1,6189,-11,1,4988,-3,1,5814,-11,1,6326,-11,1,5128,-2,1,6189,-11,1,4988,-3,1,5814,-11,1,6326,-11,1,5128,-2,1,6189,-11,1,4988,-3,1,5814,-11,1,6326,-11,1,5128,-2,1,6189,-11,1,4988,-3,1,5814
1.0,16,1,26590,16,1,24492,9,1,19848,6,1,21246,9,1,18030,9,1,19215,16,1,24492,9,1,19848,6,1,21246,9,1,18030,9,1,19215,16,1,24492,9,1,19848,6,1,21246,9,1,18030,9,1,19215,16,1,24492,9,1,19848,6,1,21246,9,1,18030,9,1,19215,16,1,24492,9,1,19848,6,1,21246,9,1,18030,9,1,19215
0.0,-27,0,22124,-24,0,10275,-24,0,11263,-24,0,7877,-24,0,8744,-24,0,6592,-24,0,10275,-24,0,11263,-24,0,7877,-24,0,8744,-24,0,6592,-24,0,10275,-24,0,11263,-24,0,7877,-24,0,8744,-24,0,6592,-24,0,10275,-24,0,11263,-24,0,7877,-24,0,8744,-24,0,6592,-24,0,10275,-24,0,11263,-24,0,7877,-24,0,8744,-24,0,6592
1.0,-5,1,8233,-1,1,8132,-1,1,6431,-1,1,7357,-1,1,5656,0,1,6132,-1,1,8132,-1,1,6431,-1,1,7357,-1,1,5656,0,1,6132,-1,1,8132,-1,1,6431,-1,1,7357,-1,1,5656,0,1,6132,-1,1,8132,-1,1,6431,-1,1,7357,-1,1,5656,0,1,6132,-1,1,8132,-1,1,6431,-1,1,7357,-1,1,5656,0,1,6132
1.0,11,1,13384,10,1,10202,10,1,6921,10,1,8062,5,1,6829,5,1,7864,10,1,10202,10,1,6921,10,1,8062,5,1,6829,5,1,7864,10,1,10202,10,1,6921,10,1,8062,5,1,6829,5,1,7864,10,1,10202,10,1,6921,10,1,8062,5,1,6829,5,1,7864,10,1,10202,10,1,6921,10,1,8062,5,1,6829,5,1,7864
0.0,-22,0,26481,-18,0,13420,-22,0,14736,-18,0,8628,-20,0,9790,-16,0,7259,-18,0,13420,-22,0,14736,-18,0,8628,-20,0,9790,-16,0,7259,-18,0,13420,-22,0,14736,-18,0,8628,-20,0,9790,-16,0,7259,-18,0,13420,-22,0,14736,-18,0,8628,-20,0,9790,-16,0,7259,-18,0,13420,-22,0,14736,-18,0,8628,-20,0,9790,-16,0,7259
0.0,-28,0,28760,-25,0,12656,-26,0,13466,-25,0,10659,-25,0,10659,-26,0,8561,-25,0,12656,-26,0,13466,-25,0,10659,-25,0,10659,-26,0,8561,-25,0,12656,-26,0,13466,-25,0,10659,-25,0,10659,-26,0,8561,-25,0,12656,-26,0,13466,-25,0,10659,-25,0,10659,-26,0,8561,-25,0,12656,-26,0,13466,-25,0,10659,-25,0,10659,-26,0,8561
1.0,8,1,24897,8,1,21579,8,1,17320,8,1,18459,0,1,15094,2,1,16287,8,1,21579,8,1,17320,8,1,18459,0,1,15094,2,1,16287,8,1,21579,8,1,17320,8,1,18459,0,1,15094,2,1,16287,8,1,21579,8,1,17320,8,1,18459,0,1,15094,2,1,16287,8,1,21579,8,1,17320,8,1,18459,0,1,15094,2,1,16287
1.0,-1,1,14893,-2,1,13515,-2,1,10970,-5,1,11928,3,1,10109,3,1,11165,-2,1,13515,-2,1,10970,-5,1,11928,3,1,10109,3,1,11165,-2,1,13515,-2,1,10970,-5,1,11928,3,1,10109,3,1,11165,-2,1,13515,-2,1,10970,-5,1,11928,3,1,10109,3,1,11165,-2,1,13515,-2,1,10970,-5,1,11928,3,1,10109,3,1,11165
1.0,4,1,29413,20,1,25424,20,1,18368,21,1,19634,15,1,16618,12,1,18270,20,1,25424,20,1,18368,21,1,19634,15,1,16618,12,1,18270,20,1,25424,20,1,18368,21,1,19634,15,1,16618,12,1,18270,20,1,25424,20,1,18368,21,1,19634,15,1,16618,12,1,18270,20,1,25424,20,1,18368,21,1,19634,15,1,16618,12,1,18270
1.0,-13,1,2918,-13,1,6634,-8,1,5564,-6,1,7191,-6,1,7191,-1,1,8143,-13,1,6634,-8,1,5564,-6,1,7191,-6,1,7191,-1,1,8143,-13,1,6634,-8,1,5564,-6,1,7191,-6,1,7191,-1,1,8143,-13,1,6634,-8,1,5564,-6,1,7191,-6,1,7191,-1,1,8143,-13,1,6634,-8,1,5564,-6,1,7191,-6,1,7191,-1,1,8143
0.0,-3,0,10220,6,0,-90,6,0,860,2,1,2911,1,1,1234,4,1,5769,6,0,-90,6,0,860,2,1,2911,1,1,1234,4,1,5769,6,0,-90,6,0,860,2,1,2911,1,1,1234,4,1,5769,6,0,-90,6,0,860,2,1,2911,1,1,1234,4,1,5769,6,0,-90,6,0,860,2,1,2911,1,1,1234,4,1,5769
1.0,-16,1,1267,-13,1,4892,-14,1,3875,-14,1,4652,-15,1,4158,-14,1,4814,-13,1,4892,-14,1,3875,-14,1,4652,-15,1,4158,-14,1,4814,-13,1,4892,-14,1,3875,-14,1,4652,-15,1,4158,-14,1,4814,-13,1,4892,-14,1,3875,-14,1,4652,-15,1,4158,-14,1,4814,-13,1,4892,-14,1,3875,-14,1,4652,-15,1,4158,-14,1,4814
1.0,-2,1,10576,1,1,10697,0,1,8174,0,1,9087,-1,1,7799,0,1,8654,1,1,10697,0,1,8174,0,1,9087,-1,1,7799,0,1,8654,1,1,10697,0,1,8174,0,1,9087,-1,1,7799,0,1,8654,1,1,10697,0,1,8174,0,1,9087,-1,1,7799,0,1,8654,1,1,10697,0,1,8174,0,1,9087,-1,1,7799,0,1,8654
0.0,-9,0,25557,-9,0,17160,-14,0,17887,-14,0,14754,-16,0,15585,-17,0,12013,-9,0,17160,-14,0,17887,-14,0,14754,-16,0,15585,-17,0,12013,-9,0,17160,-14,0,17887,-14,0,14754,-16,0,15585,-17,0,12013,-9,0,17160,-14,0,17887,-14,0,14754,-16,0,15585,-17,0,12013,-9,0,17160,-14,0,17887,-14,0,14754,-16,0,15585,-17,0,12013
0.0,-12,0,27437,-12,0,14797,-12,0,15722,-11,0,11960,-11,0,12824,-8,0,9057,-12,0,14797,-12,0,15722,-11,0,11960,-11,0,12824,-8,0,9057,-12,0,14797,-12,0,15722,-11,0,11960,-11,0,12824,-8,0,9057,-12,0,14797,-12,0,15722,-11,0,11960,-11,0,12824,-8,0,9057,-12,0,14797,-12,0,15722,-11,0,11960,-11,0,12824,-8,0,9057
1.0,3,1,10476,10,1,8276,5,1,7156,10,1,7156,7,1,6243,9,1,7048,10,1,8276,5,1,7156,10,1,7156,7,1,6243,9,1,7048,10,1,8276,5,1,7156,10,1,7156,7,1,6243,9,1,7048,10,1,8276,5,1,7156,10,1,7156,7,1,6243,9,1,7048,10,1,8276,5,1,7156,10,1,7156,7,1,6243,9,1,7048
0.0,-17,0,16566,-4,0,9543,-5,0,10534,-4,0,8117,-5,0,8779,-9,0,5851,-4,0,9543,-5,0,10534,-4,0,8117,-5,0,8779,-9,0,5851,-4,0,9543,-5,0,10534,-4,0,8117,-5,0,8779,-9,0,5851,-4,0,9543,-5,0,10534,-4,0,8117,-5,0,8779,-9,0,5851,-4,0,9543,-5,0,10534,-4,0,8117,-5,0,8779,-9,0,5851
1.0,34,1,61525,25,1,58104,25,1,48792,25,1,50355,24,1,42349,21,1,43754,25,1,58104,25,1,48792,25,1,50355,24,1,42349,21,1,43754,25,1,58104,25,1,48792,25,1,50355,24,1,42349,21,1,43754,25,1,58104,25,1,48792,25,1,50355,24,1,42349,21,1,43754,25,1,58104,25,1,48792,25,1,50355,24,1,42349,21,1,43754
0.0,-44,0,43570,-36,0,27936,-36,0,29959,-29,0,23864,-30,0,25116,-29,0,19271,-36,0,27936,-36,0,29959,-29,0,23864,-30,0,25116,-29,0,19271,-36,0,27936,-36,0,29959,-29,0,23864,-30,0,25116,-29,0,19271,-36,0,27936,-36,0,29959,-29,0,23864,-30,0,25116,-29,0,19271,-36,0,27936,-36,0,29959,-29,0,23864,-30,0,25116,-29,0,19271
1.0,8,1,20698,8,1,17516,8,1,13821,8,1,13936,8,1,12782,8,1,13061,8,1,17516,8,1,13821,8,1,13936,8,1,12782,8,1,13061,8,1,17516,8,1,13821,8,1,13936,8,1,12782,8,1,13061,8,1,17516,8,1,13821,8,1,13936,8,1,12782,8,1,13061,8,1,17516,8,1,13821,8,1,13936,8,1,12782,8,1,13061
1.0,6,1,18756,6,1,18999,2,1,15511,1,1,17081,-3,1,14764,-1,1,16431,6,1,18999,2,1,15511,1,1,17081,-3,1,14764,-1,1,16431,6,1,18999,2,1,15511,1,1,17081,-3,1,14764,-1,1,16431,6,1,18999,2,1,15511,1,1,17081,-3,1,14764,-1,1,16431,6,1,18999,2,1,15511,1,1,17081,-3,1,14764,-1,1,16431
1.0,0,1,12028,-10,1,12874,-11,1,9798,-11,1,10904,-8,1,8768,-8,1,9683,-10,1,12874,-11,1,9798,-11,1,10904,-8,1,8768,-8,1,9683,-10,1,12874,-11,1,9798,-11,1,10904,-8,1,8768,-8,1,9683,-10,1,12874,-11,1,9798,-11,1,10904,-8,1,8768,-8,1,9683,-10,1,12874,-11,1,9798,-11,1,10904,-8,1,8768,-8,1,9683
2.0,-4,1,3966,-4,1,9353,-4,1,7723,-4,1,9478,-1,1,8487,2,1,9576,-4,1,9353,-4,1,7723,-4,1,9478,-1,1,8487,2,1,9576,-4,1,9353,-4,1,7723,-4,1,9478,-1,1,8487,2,1,9576,-4,1,9353,-4,1,7723,-4,1,9478,-1,1,8487,2,1,9576,-4,1,9353,-4,1,7723,-4,1,9478,-1,1,8487,2,1,9576
1.0,8,1,13115,11,1,13963,11,1,12822,11,1,13990,11,1,12936,16,1,13992,11,1,13963,11,1,12822,11,1,13990,11,1,12936,16,1,13992,11,1,13963,11,1,12822,11,1,13990,11,1,12936,16,1,13992,11,1,13963,11,1,12822,11,1,13990,11,1,12936,16,1,13992,11,1,13963,11,1,12822,11,1,13990,11,1,12936,16,1,13992
1.0,6,1,17640,6,1,15713,6,1,12524,30,1,13850,30,1,11705,30,1,12724,6,1,15713,6,1,12524,30,1,13850,30,1,11705,30,1,12724,6,1,15713,6,1,12524,30,1,13850,30,1,11705,30,1,12724,6,1,15713,6,1,12524,30,1,13850,30,1,11705,30,1,12724,6,1,15713,6,1,12524,30,1,13850,30,1,11705,30,1,12724
0.0,-20,0,1534,-20,1,1449,-21,1,932,-21,1,1567,-24,1,1567,-23,1,2084,-20,1,1449,-21,1,932,-21,1,1567,-24,1,1567,-23,1,2084,-20,1,1449,-21,1,932,-21,1,1567,-24,1,1567,-23,1,2084,-20,1,1449,-21,1,932,-21,1,1567,-24,1,1567,-23,1,2084,-20,1,1449,-21,1,932,-21,1,1567,-24,1,1567,-23,1,2084
0.0,-23,0,8093,-23,0,-451,-24,0,1898,-23,0,-576,-24,0,635,-24,1,1997,-23,0,-451,-24,0,1898,-23,0,-576,-24,0,635,-24,1,1997,-23,0,-451,-24,0,1898,-23,0,-576,-24,0,635,-24,1,1997,-23,0,-451,-24,0,1898,-23,0,-576,-24,0,635,-24,1,1997,-23,0,-451,-24,0,1898,-23,0,-576,-24,0,635,-24,1,1997
1.0,10,1,10679,10,1,11870,10,1,10808,10,1,12167,19,1,12167,19,1,13201,10,1,11870,10,1,10808,10,1,12167,19,1,12167,19,1,13201,10,1,11870,10,1,10808,10,1,12167,19,1,12167,19,1,13201,10,1,11870,10,1,10808,10,1,12167,19,1,12167,19,1,13201,10,1,11870,10,1,10808,10,1,12167,19,1,12167,19,1,13201
1.0,12,1,33422,23,1,29370,13,1,23290,24,1,26395,17,1,21250,27,1,24294,23,1,29370,13,1,23290,24,1,26395,17,1,21250,27,1,24294,23,1,29370,13,1,23290,24,1,26395,17,1,21250,27,1,24294,23,1,29370,13,1,23290,24,1,26395,17,1,21250,27,1,24294,23,1,29370,13,1,23290,24,1,26395,17,1,21250,27,1,24294
0.0,-10,0,30632,-10,0,10712,-10,0,11666,-6,0,7571,-11,0,7696,-6,0,4900,-10,0,10712,-10,0,11666,-6,0,7571,-11,0,7696,-6,0,4900,-10,0,10712,-10,0,11666,-6,0,7571,-11,0,7696,-6,0,4900,-10,0,10712,-10,0,11666,-6,0,7571,-11,0,7696,-6,0,4900,-10,0,10712,-10,0,11666,-6,0,7571,-11,0,7696,-6,0,4900
1.0,10,1,25387,13,1,24094,13,1,20693,13,1,21799,13,1,18492,19,1,19623,13,1,24094,13,1,20693,13,1,21799,13,1,18492,19,1,19623,13,1,24094,13,1,20693,13,1,21799,13,1,18492,19,1,19623,13,1,24094,13,1,20693,13,1,21799,13,1,18492,19,1,19623,13,1,24094,13,1,20693,13,1,21799,13,1,18492,19,1,19623
0.0,-26,0,39802,-20,0,23096,-20,0,24842,-24,0,16176,-24,0,17162,-24,0,10120,-20,0,23096,-20,0,24842,-24,0,16176,-24,0,17162,-24,0,10120,-20,0,23096,-20,0,24842,-24,0,16176,-24,0,17162,-24,0,10120,-20,0,23096,-20,0,24842,-24,0,16176,-24,0,17162,-24,0,10120,-20,0,23096,-20,0,24842,-24,0,16176,-24,0,17162,-24,0,10120
1.0,-2,1,14097,-3,1,12762,-3,1,10075,-7,1,12197,-4,1,9554,16,1,9848,-3,1,12762,-3,1,10075,-7,1,12197,-4,1,9554,16,1,9848,-3,1,12762,-3,1,10075,-7,1,12197,-4,1,9554,16,1,9848,-3,1,12762,-3,1,10075,-7,1,12197,-4,1,9554,16,1,9848,-3,1,12762,-3,1,10075,-7,1,12197,-4,1,9554,16,1,9848
0.0,-46,0,57031,-29,0,32804,-30,0,34859,-30,0,25672,-31,0,26968,-30,0,18736,-29,0,32804,-30,0,34859,-30,0,25672,-31,0,26968,-30,0,18736,-29,0,32804,-30,0,34859,-30,0,25672,-31,0,26968,-30,0,18736,-29,0,32804,-30,0,34859,-30,0,25672,-31,0,26968,-30,0,18736,-29,0,32804,-30,0,34859,-30,0,25672,-31,0,26968,-30,0,18736
0.0,-21,0,38305,-21,0,19474,-21,0,19474,-21,0,14496,-29,0,14496,-29,0,11246,-21,0,19474,-21,0,19474,-21,0,14496,-29,0,14496,-29,0,11246,-21,0,19474,-21,0,19474,-21,0,14496,-29,0,14496,-29,0,11246,-21,0,19474,-21,0,19474,-21,0,14496,-29,0,14496,-29,0,11246,-21,0,19474,-21,0,19474,-21,0,14496,-29,0,14496,-29,0,11246
2.0,-14,1,3366,-14,1,3835,-14,1,2630,-14,1,3835,-14,1,2630,-12,1,4065,-14,1,3835,-14,1,2630,-14,1,3835,-14,1,2630,-12,1,4065,-14,1,3835,-14,1,2630,-14,1,3835,-14,1,2630,-12,1,4065,-14,1,3835,-14,1,2630,-14,1,3835,-14,1,2630,-12,1,4065,-14,1,3835,-14,1,2630,-14,1,3835,-14,1,2630,-12,1,4065
0.0,-62,0,106987,-48,0,74142,-51,0,76340,-46,0,62300,-46,0,64779,-47,0,53643,-48,0,74142,-51,0,76340,-46,0,62300,-46,0,64779,-47,0,53643,-48,0,74142,-51,0,76340,-46,0,62300,-46,0,64779,-47,0,53643,-48,0,74142,-51,0,76340,-46,0,62300,-46,0,64779,-47,0,53643,-48,0,74142,-51,0,76340,-46,0,62300,-46,0,64779,-47,0,53643
1.0,22,1,54646,23,1,47665,22,1,38187,23,1,40522,22,1,33519,22,1,35672,23,1,47665,22,1,38187,23,1,40522,22,1,33519,22,1,35672,23,1,47665,22,1,38187,23,1,40522,22,1,33519,22,1,35672,23,1,47665,22,1,38187,23,1,40522,22,1,33519,22,1,35672,23,1,47665,22,1,38187,23,1,40522,22,1,33519,22,1,35672
0.0,-18,0,9967,-7,0,4804,-10,0,5387,-11,0,2641,-14,0,2641,-13,0,1763,-7,0,4804,-10,0,5387,-11,0,2641,-14,0,2641,-13,0,1763,-7,0,4804,-10,0,5387,-11,0,2641,-14,0,2641,-13,0,1763,-7,0,4804,-10,0,5387,-11,0,2641,-14,0,2641,-13,0,1763,-7,0,4804,-10,0,5387,-11,0,2641,-14,0,2641,-13,0,1763
0.0,-49,0,58026,-32,0,39671,-40,0,42122,-32,0,33236,-34,0,35611,-34,0,28510,-32,0,39671,-40,0,42122,-32,0,33236,-34,0,35611,-34,0,28510,-32,0,39671,-40,0,42122,-32,0,33236,-34,0,35611,-34,0,28510,-32,0,39671,-40,0,42122,-32,0,33236,-34,0,35611,-34,0,28510,-32,0,39671,-40,0,42122,-32,0,33236,-34,0,35611,-34,0,28510
0.0,-5,1,4647,-8,1,6644,-11,1,5547,-11,1,7190,-11,1,6155,-11,1,7402,-8,1,6644,-11,1,5547,-11,1,7190,-11,1,6155,-11,1,7402,-8,1,6644,-11,1,5547,-11,1,7190,-11,1,6155,-11,1,7402,-8,1,6644,-11,1,5547,-11,1,7190,-11,1,6155,-11,1,7402,-8,1,6644,-11,1,5547,-11,1,7190,-11,1,6155,-11,1,7402
0.0,-18,0,8731,-23,0,6197,-23,0,6197,-14,0,4961,-14,0,4961,-11,0,4022,-23,0,6197,-23,0,6197,-14,0,4961,-14,0,4961,-11,0,4022,-23,0,6197,-23,0,6197,-14,0,4961,-14,0,4961,-11,0,4022,-23,0,6197,-23,0,6197,-14,0,4961,-14,0,4961,-11,0,4022,-23,0,6197,-23,0,6197,-14,0,4961,-14,0,4961,-11,0,4022
1.0,14,1,14257,11,1,15540,1,1,11877,2,1,13658,11,1,11137,11,1,12593,11,1,15540,1,1,11877,2,1,13658,11,1,11137,11,1,12593,11,1,15540,1,1,11877,2,1,13658,11,1,11137,11,1,12593,11,1,15540,1,1,11877,2,1,13658,11,1,11137,11,1,12593,11,1,15540,1,1,11877,2,1,13658,11,1,11137,11,1,12593
1.0,6,1,22536,11,1,19806,10,1,15233,10,1,16437,13,1,12679,12,1,13721,11,1,19806,10,1,15233,10,1,16437,13,1,12679,12,1,13721,11,1,19806,10,1,15233,10,1,16437,13,1,12679,12,1,13721,11,1,19806,10,1,15233,10,1,16437,13,1,12679,12,1,13721,11,1,19806,10,1,15233,10,1,16437,13,1,12679,12,1,13721
0.0,-5,0,12443,-6,0,8325,-10,0,9253,-6,0,6815,-7,0,7461,-7,0,5399,-6,0,8325,-10,0,9253,-6,0,6815,-7,0,7461,-7,0,5399,-6,0,8325,-10,0,9253,-6,0,6815,-7,0,7461,-7,0,5399,-6,0,8325,-10,0,9253,-6,0,6815,-7,0,7461,-7,0,5399,-6,0,8325,-10,0,9253,-6,0,6815,-7,0,7461,-7,0,5399
1.0,24,1,33871,25,1,29780,23,1,24352,23,1,26133,23,1,22613,23,1,24311,25,1,29780,23,1,24352,23,1,26133,23,1,22613,23,1,24311,25,1,29780,23,1,24352,23,1,26133,23,1,22613,23,1,24311,25,1,29780,23,1,24352,23,1,26133,23,1,22613,23,1,24311,25,1,29780,23,1,24352,23,1,26133,23,1,22613,23,1,24311
1.0,21,1,39368,22,1,37790,23,1,31290,23,1,34177,24,1,29318,23,1,32106,22,1,37790,23,1,31290,23,1,34177,24,1,29318,23,1,32106,22,1,37790,23,1,31290,23,1,34177,24,1,29318,23,1,32106,22,1,37790,23,1,31290,23,1,34177,24,1,29318,23,1,32106,22,1,37790,23,1,31290,23,1,34177,24,1,29318,23,1,32106
1.0,21,1,34894,21,1,34589,23,1,25982,23,1,27407,19,1,22954,19,1,24324,21,1,34589,23,1,25982,23,1,27407,19,1,22954,19,1,24324,21,1,34589,23,1,25982,23,1,27407,19,1,22954,19,1,24324,21,1,34589,23,1,25982,23,1,27407,19,1,22954,19,1,24324,21,1,34589,23,1,25982,23,1,27407,19,1,22954,19,1,24324
1.0,26,1,31001,26,1,29945,22,1,25051,22,1,28091,18,1,23574,22,1,25464,26,1,29945,22,1,25051,22,1,28091,18,1,23574,22,1,25464,26,1,29945,22,1,25051,22,1,28091,18,1,23574,22,1,25464,26,1,29945,22,1,25051,22,1,28091,18,1,23574,22,1,25464,26,1,29945,22,1,25051,22,1,28091,18,1,23574,22,1,25464
1.0,21,1,34641,16,1,32026,12,1,25719,12,1,27747,11,1,23033,11,1,25061,16,1,32026,12,1,25719,12,1,27747,11,1,23033,11,1,25061,16,1,32026,12,1,25719,12,1,27747,11,1,23033,11,1,25061,16,1,32026,12,1,25719,12,1,27747,11,1,23033,11,1,25061,16,1,32026,12,1,25719,12,1,27747,11,1,23033,11,1,25061
0.0,6,0,433,7,1,2242,7,1,1215,8,1,3948,6,1,2576,10,1,4882,7,1,2242,7,1,1215,8,1,3948,6,1,2576,10,1,4882,7,1,2242,7,1,1215,8,1,3948,6,1,2576,10,1,4882,7,1,2242,7,1,1215,8,1,3948,6,1,2576,10,1,4882,7,1,2242,7,1,1215,8,1,3948,6,1,2576,10,1,4882
0.0,-30,0,24801,-26,0,13108,-27,0,14116,-27,0,10243,-31,0,10799,-31,0,8042,-26,0,13108,-27,0,14116,-27,0,10243,-31,0,10799,-31,0,8042,-26,0,13108,-27,0,14116,-27,0,10243,-31,0,10799,-31,0,8042,-26,0,13108,-27,0,14116,-27,0,10243,-31,0,10799,-31,0,8042,-26,0,13108,-27,0,14116,-27,0,10243,-31,0,10799,-31,0,8042
0.0,-17,0,13765,-14,0,6476,-14,0,7335,-15,0,5047,-15,0,5906,-15,0,3793,-14,0,6476,-14,0,7335,-15,0,5047,-15,0,5906,-15,0,3793,-14,0,6476,-14,0,7335,-15,0,5047,-15,0,5906,-15,0,3793,-14,0,6476,-14,0,7335,-15,0,5047,-15,0,5906,-15,0,3793,-14,0,6476,-14,0,7335,-15,0,5047,-15,0,5906,-15,0,3793
0.0,-56,0,76586,-41,0,52714,-45,0,55303,-46,0,43612,-47,0,45661,-43,0,34039,-41,0,52714,-45,0,55303,-46,0,43612,-47,0,45661,-43,0,34039,-41,0,52714,-45,0,55303,-46,0,43612,-47,0,45661,-43,0,34039,-41,0,52714,-45,0,55303,-46,0,43612,-47,0,45661,-43,0,34039,-41,0,52714,-45,0,55303,-46,0,43612,-47,0,45661,-43,0,34039
1.0,18,1,33271,17,1,28406,16,1,22105,21,1,24751,17,1,20185,17,1,22364,17,1,28406,16,1,22105,21,1,24751,17,1,20185,17,1,22364,17,1,28406,16,1,22105,21,1,24751,17,1,20185,17,1,22364,17,1,28406,16,1,22105,21,1,24751,17,1,20185,17,1,22364,17,1,28406,16,1,22105,21,1,24751,17,1,20185,17,1,22364
1.0,0,1,5195,-5,1,5767,-6,1,4411,-6,1,5222,-7,1,3974,-5,1,4782,-5,1,5767,-6,1,4411,-6,1,5222,-7,1,3974,-5,1,4782,-5,1,5767,-6,1,4411,-6,1,5222,-7,1,3974,-5,1,4782,-5,1,5767,-6,1,4411,-6,1,5222,-7,1,3974,-5,1,4782,-5,1,5767,-6,1,4411,-6,1,5222,-7,1,3974,-5,1,4782
0.0,-18,0,23597,-18,0,12656,-25,0,13606,-25,0,10258,-29,0,11302,-22,0,7633,-18,0,12656,-25,0,13606,-25,0,10258,-29,0,11302,-22,0,7633,-18,0,12656,-25,0,13606,-25,0,10258,-29,0,11302,-22,0,7633,-18,0,12656,-25,0,13606,-25,0,10258,-29,0,11302,-22,0,7633,-18,0,12656,-25,0,13606,-25,0,10258,-29,0,11302,-22,0,7633
1.0,22,1,32050,22,1,30253,12,1,25466,13,1,27528,12,1,23283,13,1,24450,22,1,30253,12,1,25466,13,1,27528,12,1,23283,13,1,24450,22,1,30253,12,1,25466,13,1,27528,12,1,23283,13,1,24450,22,1,30253,12,1,25466,13,1,27528,12,1,23283,13,1,24450,22,1,30253,12,1,25466,13,1,27528,12,1,23283,13,1,24450
0.0,-6,0,8508,-5,1,3892,4,0,2766,-8,1,5945,-5,1,3792,-4,1,5513,-5,1,3892,4,0,2766,-8,1,5945,-5,1,3792,-4,1,5513,-5,1,3892,4,0,2766,-8,1,5945,-5,1,3792,-4,1,5513,-5,1,3892,4,0,2766,-8,1,5945,-5,1,3792,-4,1,5513,-5,1,3892,4,0,2766,-8,1,5945,-5,1,3792,-4,1,5513
