orig_result,0_loss_pro,0_loss_neg,0_win_pro,0_win_neg,0_draw_pro,0_draw_neg,0_area_score,1_loss_pro,1_loss_neg,1_win_pro,1_win_neg,1_draw_pro,1_draw_neg,1_area_score,2_loss_pro,2_loss_neg,2_win_pro,2_win_neg,2_draw_pro,2_draw_neg,2_area_score,3_loss_pro,3_loss_neg,3_win_pro,3_win_neg,3_draw_pro,3_draw_neg,3_area_score,4_loss_pro,4_loss_neg,4_win_pro,4_win_neg,4_draw_pro,4_draw_neg,4_area_score,5_loss_pro,5_loss_neg,5_win_pro,5_win_neg,5_draw_pro,5_draw_neg,5_area_score
1.0,1262,50599,39968,0,59,17935,29,1262,40836,40928,0,65,17344,22,1262,32430,34741,0,65,13822,22,1262,32430,38632,0,65,15439,22,0,27997,34366,0,65,15439,22,1262,32368,37315,0,65,15454,21
1.0,0,42547,30438,0,5,7506,22,0,38082,28129,0,5,7149,9,0,29461,22643,0,5,7524,8,0,29461,24472,0,9,8742,8,0,22477,20673,0,9,8035,8,0,23243,22007,0,9,9407,12
1.0,1862,49061,45810,0,42,15744,29,604,46709,40779,0,61,17198,14,604,34457,31862,0,61,12910,13,604,36684,34261,0,74,12910,14,604,30911,27550,0,98,11061,13,604,30366,29945,0,78,15807,13
1.0,7523,12070,13390,1867,65,6488,2,5704,13025,10263,0,96,5790,1,4525,12040,8949,518,115,7086,1,4525,12040,9954,0,126,7086,1,4525,12040,8196,0,131,7086,-5,4525,10962,8871,0,152,7965,0
1.0,2996,5262,7624,754,121,6907,4,1978,5296,7606,0,121,6181,-15,1978,5296,7606,0,139,6954,-15,871,5296,7606,0,139,6954,0,871,5296,7606,0,139,6954,0,871,5296,7606,0,157,6954,0
0.0,35548,0,1666,52987,30,11620,-39,20265,0,2451,35956,32,10866,-28,21306,0,1666,36884,32,9994,-39,16649,0,1666,29060,50,9994,-30,17223,0,1666,33302,55,11788,-29,13521,0,1666,22828,54,10887,-27
0.0,83394,647,2171,98444,1,29712,-66,50025,647,2171,67609,46,24708,-51,52989,647,2171,68573,46,24708,-51,41651,647,2171,60412,46,23544,-48,44185,647,885,62204,46,24326,-50,34813,647,2171,57316,46,21044,-49
1.0,1327,5624,5022,2091,67,6518,-1,0,5812,7064,962,72,6648,-7,1327,5812,4642,0,93,7067,-7,0,5812,6986,0,98,7793,-7,0,4674,5928,0,98,7599,-2,0,5812,7225,0,219,7793,-6
1.0,1231,46954,48447,719,0,15736,29,1961,42537,43073,0,19,14156,26,1961,36574,35823,0,19,12403,29,730,39552,39622,0,32,13826,29,730,33276,32643,0,32,10426,24,730,33276,35288,0,32,12950,24
0.0,11091,7313,1616,12580,51,6913,-20,7093,5311,1667,9747,51,6337,-22,7985,4705,855,10452,106,7507,-23,6068,4705,855,10452,122,7507,-23,6049,3745,855,9604,123,8088,-23,4099,2945,0,8987,69,6337,-25
1.0,1015,56758,62079,0,35,21763,33,1015,51111,56493,0,60,22265,32,1015,38894,46828,0,60,17486,31,1015,39854,49168,0,61,20068,31,0,37891,40855,0,72,20377,32,1015,37312,43270,0,73,17346,29
1.0,0,18687,16114,835,42,6430,21,0,15741,18378,835,53,9377,21,0,14731,16011,835,53,9377,20,0,14640,17634,0,54,8726,32,0,13458,14927,0,54,8726,64,0,12589,17230,0,66,9464,33
0.0,16270,6184,0,12736,217,3666,-15,5962,5749,0,4862,229,3066,-18,7039,4983,0,4862,232,3066,-21,4903,4983,793,2724,259,3066,-13,4903,3502,793,2724,259,3066,-14,3632,3642,793,960,265,3066,-16
0.0,42064,917,1770,38737,256,12190,-39,22965,0,1912,24589,256,13137,-32,22965,0,1912,26430,256,12485,-33,18390,0,1912,24418,321,12596,-34,18861,0,991,24497,302,11902,-39,14271,0,991,20486,334,10601,-39
1.0,0,24827,22991,1228,344,11591,28,0,25974,18939,0,523,9803,24,0,20322,14776,0,523,9803,23,0,20783,16305,0,527,12105,25,0,17429,13915,0,527,12105,21,0,18172,15135,0,565,12105,21
1.0,1872,21323,20519,2520,1098,3458,6,1872,18674,17949,1609,1324,4015,6,891,17716,16992,1690,1323,2572,1,891,17716,16992,821,1435,2572,2,891,16391,16014,821,1471,3243,2,891,16793,16014,821,1506,3243,2
0.0,42794,3696,0,42048,274,10298,-22,22359,2595,0,28714,284,10092,-11,23132,1663,0,24013,251,7627,-11,15716,1652,1162,28131,449,8120,-8,14750,551,0,21845,260,7627,-13,9585,551,0,18067,272,6915,-10
0.0,8794,838,1419,7222,186,2963,-12,3412,838,1419,2335,205,2963,-12,3412,838,1419,2335,205,2963,-17,2168,838,1419,2335,230,2963,-25,2168,838,0,2335,230,3528,-25,1992,838,1419,3558,222,5114,-26
1.0,0,16918,17921,0,49,13804,7,0,15958,17271,0,58,11670,10,0,14591,14985,0,87,8352,10,0,15926,16075,0,87,9056,10,0,11857,14973,0,87,8813,10,0,15926,15983,0,121,9155,10
0.0,10804,4631,5453,7867,132,4221,-6,6217,2156,5453,4337,132,4412,-3,6217,961,5453,4337,132,6008,-6,4118,961,5453,4337,155,6008,-2,5858,1886,5453,6788,155,4136,1,5497,1886,5453,1682,155,5620,1
1.0,0,107531,84116,883,4,29753,41,0,99262,80229,883,4,23656,41,0,89957,68328,0,4,26035,40,1068,85118,74666,883,4,23837,41,1068,80672,64561,883,4,19866,40,1068,82175,68729,883,4,21842,40
0.0,39293,1101,3301,39314,174,16200,-19,18772,0,3301,18791,183,13259,-13,19539,0,2493,19218,195,14296,-19,13899,0,3301,7544,183,13535,-12,14666,0,2493,7433,195,14572,-18,10860,801,2493,7433,223,14003,-15
0.0,23858,3376,885,29166,10,4878,-40,13628,2009,1991,16503,10,4674,-35,13716,756,885,22428,29,5716,-37,9684,756,1991,19533,29,4878,-35,12523,1904,885,17306,29,5495,-34,7128,0,2105,17737,97,6333,-35
0.0,7547,5812,4107,8209,46,4740,-7,4575,5026,7037,5058,68,4155,-8,4575,5026,6283,5058,196,4155,-8,1909,6030,7037,3519,143,3769,-8,3414,5026,6283,3492,196,4123,-12,3414,5026,7318,3492,265,4123,-11
0.0,36433,402,2834,45956,53,11346,-28,19638,402,2834,27120,112,10854,-20,20729,402,2834,27120,112,11521,-20,13525,402,2834,22056,112,10481,-20,14417,402,1713,22056,112,11392,-20,10435,402,2691,17575,112,9106,-20
1.0,659,115525,108634,0,0,41781,64,659,111998,103598,0,0,39379,56,659,102058,91226,0,0,35824,49,0,106236,96574,0,0,37887,50,0,92247,84316,0,6,34490,50,0,102436,90176,0,6,35513,50
1.0,3792,7026,14765,7297,330,9410,-14,4577,7026,12109,3906,330,9655,-12,4577,5888,9744,3906,330,9655,-12,2348,5888,9724,2937,336,9655,-12,2348,3533,7457,2937,337,11144,-13,2348,5888,8388,2937,406,8832,-10
1.0,1735,7741,11066,2665,46,6656,-4,844,6884,8426,0,114,5575,0,844,5929,6036,0,114,4692,0,844,5693,7356,771,114,6535,-7,0,4905,4555,0,123,5357,0,844,5635,4710,0,114,5059,-6
1.0,0,5398,3940,391,149,8811,6,0,4802,5200,0,182,9484,6,0,3840,4150,0,182,9484,6,604,4436,5091,0,171,9631,5,604,4436,4031,0,194,8683,3,604,4436,4248,0,210,9617,5
0.0,13106,2581,5149,10877,102,3843,-4,7432,2581,5168,10877,277,3312,1,7318,1589,4027,8573,130,4085,-5,6411,2581,3996,9006,287,4105,1,7141,2581,3996,9006,287,4105,1,6257,2581,3996,9006,287,4105,1
1.0,1740,5638,6300,835,76,10217,-2,862,4643,6987,835,95,11194,-2,1740,5823,6129,835,79,9827,-2,862,5823,7123,835,82,9827,-2,862,4764,7123,835,199,10568,-2,862,4864,7123,0,160,8991,1
0.0,8000,7000,6151,6587,142,6039,-3,8455,7000,6236,2412,205,4895,-2,3971,2817,4013,3457,143,4605,-1,7221,5234,7297,2412,205,6651,-4,7221,5234,5363,2412,205,6651,-4,8867,4447,8206,2702,205,5385,-4
0.0,37739,0,805,36972,31,9096,-38,17541,0,1737,27740,59,7907,-35,18146,0,1737,29383,75,7907,-35,11944,0,1737,20137,75,7219,-35,11944,0,1737,20137,76,7219,-36,9060,0,805,12564,111,7219,-35
1.0,1281,20645,21347,6004,101,4976,3,1281,17183,19037,3015,153,5868,-2,1281,14614,16806,3015,153,6804,-2,1281,9262,17743,2288,166,5868,1,1281,7180,16635,2288,166,4664,-2,1281,7180,17522,2288,166,4218,-2
0.0,24812,0,1003,24390,297,9515,-30,15407,790,1003,19143,297,10668,-23,16246,790,1003,19143,323,11232,-24,12547,1554,1058,14129,321,12042,-22,13354,1554,1058,14129,321,12276,-22,9195,1554,1058,9741,321,11371,-21
0.0,27687,2042,885,29937,108,8859,-11,13493,2691,885,16617,153,7818,-8,14745,2691,885,17154,153,7818,-8,10691,2691,0,15286,153,7818,-7,10691,1640,0,15286,153,7818,-7,7150,1640,0,12327,172,7818,-10
0.0,13505,2955,3399,8098,365,1852,0,5043,3667,3531,4170,383,3165,-3,4614,2716,3399,5130,410,3146,-2,4210,2786,4523,1619,403,2545,-2,2448,2493,782,4170,430,3146,-4,3280,2070,4523,858,405,1893,-5
0.0,3822,1717,9088,1690,233,5577,-14,3822,1717,8862,889,233,5577,-10,3822,506,6979,889,250,5577,-7,3822,506,7989,889,250,5577,-7,3822,506,6810,889,39,5577,-7,3822,506,6810,0,41,5577,-6
0.0,33681,0,0,31186,65,18882,-37,18967,0,0,20058,65,16605,-37,19798,0,0,20058,65,16605,-42,15067,0,0,14482,65,14945,-41,15833,0,0,14482,70,14945,-41,11640,0,0,12374,70,14945,-41
1.0,806,42243,34510,0,116,13033,29,806,42325,31196,0,116,12576,25,806,37340,26083,0,164,12925,29,806,37340,27324,0,164,12925,29,806,28732,22605,0,164,12925,25,0,28970,24431,0,133,12865,22
1.0,4154,3476,9216,4369,35,6958,-7,3425,1411,8495,1415,41,6273,-10,3425,1411,7018,1415,41,6273,-11,2475,1411,7971,1415,41,6273,-11,2475,1411,6666,1415,66,6273,-11,2475,1411,6738,661,41,6273,-11
1.0,2787,35624,35746,1231,23,18970,11,2787,36241,34240,0,23,21043,9,2787,29402,27815,0,117,19311,9,2787,29402,28940,0,267,19311,9,839,20431,23623,0,117,17089,10,1948,16662,25135,0,145,17050,18
1.0,1020,20969,14510,2716,805,7470,3,579,19457,11733,1731,807,6798,3,1414,18739,9654,1731,807,7431,-4,1414,14169,9654,1731,709,9023,-4,1077,7476,8499,1731,714,7949,-2,1414,12032,8546,1731,709,7613,-4
1.0,1494,29748,36914,701,156,13953,28,1494,27466,32553,0,156,14450,26,0,24539,26620,0,331,13311,23,0,25375,28757,0,331,14756,23,0,19708,23712,0,331,11088,23,0,19708,25486,0,492,11735,23
1.0,2996,5807,6652,0,249,9468,9,2996,5807,8728,0,249,9499,15,1955,5807,7140,0,249,8542,9,1955,6992,8117,0,260,9178,9,2996,4934,6918,0,249,10026,38,1081,5400,7860,0,406,11147,14
1.0,1087,10839,17267,729,40,9260,25,1813,7416,17107,1703,40,10872,24,1087,4390,12835,729,40,10446,25,1087,5299,13897,729,46,11119,25,1813,2178,11752,1703,89,10188,18,1087,5036,11756,0,89,9087,16
0.0,6456,3118,2030,9598,268,2649,-17,2857,2772,2030,6069,382,3749,-14,3751,2567,885,4730,268,4157,-3,1752,2009,2030,5350,382,2851,-14,1979,1367,2030,4844,457,4195,-14,874,1367,2030,4125,457,3297,-14
1.0,0,55907,55887,0,33,29846,25,0,51464,50545,0,37,30144,31,0,46761,42068,0,37,27343,25,0,38967,44367,0,52,28779,26,0,38607,36820,0,52,25978,26,0,50779,39206,0,51,26515,31
0.0,29882,1363,2361,17836,9,11243,-20,16181,0,2361,11038,11,10969,-18,17334,0,2361,11038,11,10969,-19,13203,890,2361,10034,20,11832,-16,14188,890,2361,10733,20,11730,-17,11708,2253,2361,8608,26,10058,-17
1.0,0,49434,37269,818,17,16111,17,0,44652,33935,818,17,17306,16,0,40234,25485,818,17,17306,15,0,40234,27371,818,17,17306,16,0,33058,21454,0,17,15705,9,0,33945,23527,0,21,16714,10
1.0,1800,8806,12431,676,217,9901,4,1800,9807,12810,676,326,9726,4,1800,9889,10807,676,359,9164,4,1800,9889,12046,0,365,10739,-22,1800,9092,10926,0,528,9911,-22,1800,10017,12088,0,539,9177,-22
1.0,1787,24988,28746,0,67,19035,25,0,27067,31313,0,67,17747,28,0,25034,24404,0,67,17747,28,0,25047,26964,0,67,18006,27,0,17215,22140,0,67,14376,20,0,17215,25183,0,74,14376,22
1.0,2051,11722,15870,0,124,9352,18,1006,11419,15854,0,124,10969,18,1006,9998,13736,0,124,11742,11,1006,10910,14855,0,124,11095,11,1006,10910,12805,0,226,11095,11,1006,10910,13749,0,124,10336,10
1.0,0,101247,83963,0,131,34932,56,0,87488,78327,0,131,34514,37,0,69484,68064,0,131,32835,36,0,71545,71297,0,131,34723,36,0,64431,62578,0,0,30228,38,0,66492,65811,0,0,31383,38
1.0,6084,7481,7618,715,169,7708,-7,5186,5318,8566,715,278,10054,-7,6084,4505,7176,715,198,11726,-7,5186,4505,8349,715,278,11726,-7,6084,3739,6936,715,198,10062,-6,5292,3739,6936,0,199,10062,-6
1.0,0,45772,46444,0,34,14521,31,0,36589,40142,0,55,15262,30,0,34041,33487,0,55,15262,30,0,37149,35389,0,55,15988,30,0,32164,29194,0,55,14949,33,0,33530,31253,0,35,12253,32
1.0,894,11350,6174,2015,0,4416,3,0,9245,8045,1595,125,5941,-3,0,8353,6889,1595,138,5941,-4,0,6945,7130,554,184,5015,-2,0,6053,5974,554,197,5015,-3,0,7737,7130,835,184,5015,-2
0.0,19133,1743,2633,19019,6,7705,-15,8035,1743,1794,8555,31,5872,-15,9716,1743,2633,8555,31,5777,-16,6700,1743,3812,6635,31,4648,-11,6700,825,3812,6635,31,4648,-14,4770,918,1794,5499,31,4984,-15
0.0,14005,10505,11005,19642,1080,2214,-2,6793,7986,11005,9916,579,2724,0,6793,6370,8963,9916,393,2724,0,6793,4092,11005,8060,579,2165,-1,5706,6922,9840,8980,250,2929,-8,5706,3051,11982,7203,240,1998,-10
1.0,3655,14299,11683,4451,154,6364,-1,3051,13434,10100,1949,181,6364,6,3922,10434,6887,1585,229,6575,-1,3922,10434,7888,1585,243,6208,0,3051,7646,6393,1949,195,5997,6,3051,7646,7506,1949,195,5354,11
0.0,39312,2543,0,38622,350,9166,-19,21181,2426,0,23049,412,7392,-12,22083,1746,0,23049,586,7900,-12,17618,1746,0,20437,445,8230,-11,17281,808,0,15614,618,6231,-12,15079,1746,0,17002,675,4856,-11
0.0,11847,1042,5857,12054,31,4745,-4,2478,1042,7054,5116,31,2867,-4,1234,0,5967,5116,31,2879,-7,2478,0,8029,4004,31,3522,-1,2478,0,8029,4966,31,3522,-3,2478,0,8923,3694,31,3522,-2
0.0,2450,5644,5691,5984,24,10909,-12,1592,4230,5651,1316,37,8821,-6,1592,4230,3731,1316,42,8821,-14,1592,1788,4998,0,42,8842,-9,1592,897,4044,0,60,8460,-10,1592,897,4911,0,60,8460,-10
1.0,1209,47360,39483,0,22,21528,10,604,42228,35943,0,22,21423,11,604,34646,28532,0,22,19760,11,604,34123,30604,0,22,22352,10,604,31693,25343,0,22,21144,9,604,30839,26633,0,27,21838,9
0.0,27108,2836,0,32762,252,5922,-33,14845,1875,0,19873,271,6736,-33,14628,1039,744,20594,252,6282,-33,11342,1039,0,14865,283,7810,-33,11573,1039,0,17239,271,6282,-35,10138,1039,0,12962,49,7810,-33
1.0,1202,31442,30791,478,32,11311,10,2011,27893,26348,0,32,9535,12,2011,20901,20120,0,32,8803,12,2011,20901,21282,0,50,8803,12,2011,15636,17019,0,74,9559,1,2011,14326,18416,0,78,7837,1
1.0,1802,10354,23313,1302,95,7955,11,993,7211,19371,807,97,8591,11,993,7211,15779,1302,133,8075,9,993,7211,15555,0,148,8591,9,0,6494,14410,1302,134,6558,10,0,6494,14410,0,149,6558,10
1.0,4584,10673,10577,9543,148,5800,-8,1775,7748,7365,7766,160,4895,-5,1775,4944,5261,7766,167,5612,-6,2865,4523,7254,7273,486,4895,-5,2865,7051,4954,8677,422,5831,-5,2865,3634,6208,6315,512,4895,-3
1.0,4017,11951,7890,2397,77,4916,-3,2655,11951,11073,604,77,5504,8,2655,8007,9042,604,130,4701,8,2655,8007,10650,604,130,4701,8,3510,8007,8698,604,237,4701,8,3510,8007,9816,604,130,4701,9
2.0,3174,16596,13304,4565,556,5623,10,3295,13762,11890,2104,487,3420,11,3174,12025,9856,2104,556,5080,12,3295,13659,11497,2104,574,4032,13,3870,10785,9792,2104,574,4032,16,1668,12694,10269,930,474,4748,13
0.0,66387,0,0,69772,66,15259,-42,46119,1561,0,45366,66,15319,-33,48063,1561,0,45366,66,15952,-33,37886,1561,0,35382,82,14980,-32,39643,1561,0,35382,82,14980,-33,31356,1561,0,28398,82,14980,-33
1.0,720,41372,37771,0,86,11071,21,720,36580,39203,0,86,12326,24,720,31262,33201,0,94,12144,23,720,32153,34363,0,94,12144,23,720,27551,29167,0,153,7866,23,720,27460,30143,0,153,8547,23
1.0,0,7677,9181,543,33,6354,13,0,6380,9209,543,101,4047,17,0,6380,7904,543,184,4334,17,0,6380,8687,543,192,4334,17,0,5420,7699,543,199,4334,16,0,6838,7699,0,199,4334,16
1.0,1107,16723,9774,935,137,13367,19,1107,17395,10805,935,137,13859,19,1107,17395,7958,935,137,13859,19,1107,18500,9155,935,147,14343,19,1107,14926,7739,935,141,13859,15,1107,16031,8936,935,151,14343,15
0.0,83100,1170,801,86820,18,25729,-62,50867,0,801,57762,18,20281,-36,53483,0,0,53797,18,23565,-36,43007,0,0,46341,18,22885,-35,44828,0,0,46341,18,22885,-36,36633,0,0,42448,49,18841,-38
0.0,6954,6387,6411,10258,796,5727,-2,4931,4314,6411,1863,538,6133,-1,2476,5434,3374,3739,503,4751,5,3224,3361,4225,1592,318,6717,3,2476,2475,2199,950,566,6133,2,2498,2603,4225,1592,405,6717,1
1.0,0,37374,36939,1129,181,20516,24,0,39271,33538,0,190,20187,23,0,31916,28108,0,190,18574,22,0,31916,30663,0,190,18574,23,0,30224,25958,0,200,15846,22,0,29828,30101,1968,211,17740,23
1.0,0,32230,31407,1716,266,7119,14,0,27209,28684,699,268,7786,17,0,26768,22882,699,275,7786,18,0,25492,24982,699,277,7786,18,0,26484,20055,699,275,7292,11,0,19139,21070,699,277,8478,12
0.0,67312,0,1925,55671,100,17876,-44,41796,0,1925,32218,290,12523,-40,43290,0,1925,39014,290,15700,-40,33832,0,1925,36303,290,13970,-40,35198,0,1925,35770,290,14114,-37,27716,0,1925,30528,297,14785,-37
0.0,30764,0,0,27139,10,12251,-32,20716,0,0,15765,10,7959,-31,21836,0,0,19281,13,10523,-29,17055,0,0,10842,13,7959,-31,18009,0,0,10842,13,8941,-34,14866,0,824,8457,13,7961,-30
0.0,27881,976,1890,25674,440,12411,-27,14457,976,800,17580,448,12347,-21,13508,0,1890,15811,475,11931,-27,11180,976,0,15306,448,11379,-21,11180,976,0,15306,456,11379,-24,7301,0,0,10682,457,10339,-21
1.0,2946,26900,20792,962,65,3271,14,1838,21032,19173,0,73,2670,15,1838,20402,15850,0,73,1856,15,1838,20402,16839,0,73,1856,15,1838,19755,15497,0,120,1856,15,1838,19755,16486,0,120,1856,15
0.0,15760,3557,4238,18310,55,5781,-26,6150,2731,4238,9294,114,6173,-21,6959,2731,4238,9294,132,6173,-21,4425,2731,4238,8633,204,6914,-24,4425,1940,3070,9588,269,7752,-27,2377,2635,5033,5781,226,6914,-27
1.0,0,8303,9353,708,167,4033,11,0,7668,9817,708,242,3675,11,0,4851,8758,708,242,4745,10,0,5489,9673,708,253,4745,11,0,5489,9673,1676,253,6120,11,0,5489,9673,708,278,6805,12
1.0,2735,6473,5340,4460,36,9346,7,1769,2886,4423,2011,45,7835,11,966,4044,2969,1793,86,10238,5,0,4044,2969,829,86,8467,9,0,4044,2137,829,95,9020,9,0,2939,2969,829,86,6562,8
1.0,2952,8754,12070,3080,19,6804,14,2062,8943,14516,3080,19,6798,14,2062,6480,11059,3080,19,5872,14,2062,5479,13035,3080,21,4543,14,2062,3766,9079,1644,20,5291,13,953,5345,10992,1644,42,5802,20
1.0,0,25051,32607,0,259,7409,13,0,22285,30451,771,304,8693,14,0,19199,24719,771,322,7816,4,0,17033,26807,771,376,8693,3,0,12952,21370,771,322,8035,4,0,13634,22681,0,338,5276,4
0.0,6742,7074,2606,5436,152,6127,0,3733,5628,2606,4446,165,5868,-8,4724,5473,1590,4446,165,5834,-8,3780,5628,1590,4446,183,5881,-2,4724,5473,827,4446,178,5834,-9,3897,5523,1843,4446,196,6756,-8
2.0,7415,9004,6616,8476,251,2338,0,3992,6207,4857,3889,252,3723,-6,2819,6207,1038,3925,256,2338,-7,3971,3265,5512,2474,261,4547,-13,2894,4864,2905,2952,260,3268,-13,3173,1801,5512,588,261,4547,-17
0.0,1704,1605,3630,1155,62,5047,-14,1704,635,3090,0,62,5047,0,1704,0,3090,0,97,5047,0,1704,0,3090,0,204,5047,0,1704,0,3090,0,204,5739,-4,1704,0,3090,0,220,5567,-4
0.0,41345,0,0,42547,9,16380,-37,21143,0,0,22842,9,13469,-37,23099,0,0,25672,9,14813,-38,15693,0,0,20312,9,14813,-37,17002,0,0,21066,9,15980,-37,12437,0,0,19707,16,14290,-37
0.0,4923,3678,6427,2888,447,6611,9,3939,3659,8303,2888,552,6611,15,3939,3659,6192,1914,451,7365,8,3939,3659,7371,1914,556,7365,8,3939,3659,6466,1914,559,7365,8,5914,3678,8164,1914,512,10140,-4
0.0,45715,0,0,40327,39,13011,-40,29355,0,0,30589,40,12943,-35,30273,0,0,30589,40,12943,-42,24185,0,0,27060,42,10341,-48,24964,0,0,27060,46,11791,-52,19688,0,0,19701,46,10455,-47
0.0,5183,5860,7804,3694,300,3746,4,3066,4727,6861,1008,402,3746,7,855,2587,6977,1638,309,4472,7,855,4680,8090,1638,311,4913,8,855,2587,6977,630,321,4472,3,855,4680,8090,630,323,4913,4
1.0,1089,17902,17416,592,469,3124,2,1089,17145,16827,592,595,4054,4,2051,12753,13374,592,595,4619,1,2051,12753,14480,592,716,4619,1,2051,10415,11340,592,723,4619,7,2051,10415,12117,592,723,4619,7
1.0,0,6046,9298,0,550,4881,18,0,5223,9010,0,641,5318,24,0,4459,7762,0,650,5318,24,0,4459,8662,0,650,5318,24,0,3390,7682,0,650,3474,24,0,3184,8220,0,948,4702,27
1.0,2400,5336,11876,1657,139,8404,-1,2400,6340,9729,712,166,9695,3,2400,6340,8447,712,163,9695,-5,2400,6340,9424,712,166,9695,0,2400,5251,8279,712,166,9695,-1,2400,5251,8279,0,232,9695,-1
0.0,11834,5603,3603,16837,516,8420,-4,4863,5204,4525,10152,525,7460,-4,5311,4563,1728,7960,640,6602,-11,4953,3951,3581,2400,642,8315,-11,4157,4326,3534,7040,689,6602,-11,3799,3653,4548,1480,642,7494,-12
0.0,3179,0,1777,6674,91,7780,-20,892,0,1777,5423,95,8304,-16,892,0,1777,5423,108,8304,-17,681,0,1777,6112,108,5761,-19,681,0,1777,6112,114,5761,-19,0,0,1777,5150,154,5761,-61
1.0,1650,19506,26717,2040,238,6070,5,756,16804,21291,0,33,6193,5,756,10860,17667,0,33,6193,5,756,10860,18588,0,33,6193,5,756,9461,14310,0,120,5890,5,756,9461,15260,0,120,5232,5
1.0,0,61479,49058,783,18,25239,24,0,58750,50261,0,18,23693,28,0,51064,43113,0,18,18539,28,0,52006,46555,0,18,18539,28,0,40310,40494,0,18,16853,31,0,40803,43917,0,18,18499,32
0.0,19862,649,885,25198,355,10933,-24,11460,646,885,15841,367,9527,-27,12356,1295,885,15088,367,9638,-29,9702,2297,885,12895,367,9638,-29,10546,2297,885,12019,372,9638,-29,8152,2297,885,11202,372,8554,-29
0.0,3094,6526,11343,2071,120,7372,-5,3294,7488,10291,0,411,10192,-5,3294,6361,8977,0,411,9372,-5,1334,5553,9093,0,355,10113,-34,1334,5553,9093,0,355,10844,-34,1334,5553,9093,0,373,10844,-34
1.0,5251,26783,25190,743,217,11180,16,4164,25013,26380,743,217,12873,4,4164,18569,22177,743,217,14119,4,4164,20311,23401,743,217,14119,4,4164,15868,20237,743,217,13554,4,2944,15868,21244,743,217,13554,7
1.0,0,56313,40353,0,6,24209,39,0,50368,40822,0,12,21381,35,0,45460,34511,0,12,22061,35,0,47938,37373,0,12,19476,35,0,36567,31603,0,12,16938,35,0,44831,35178,0,12,18852,35
0.0,22597,2184,2525,23784,25,5420,-14,11731,3196,2525,12374,51,7577,-4,10662,1364,2525,11753,120,5420,-14,9232,3196,2525,8506,68,7577,-3,8426,1364,1775,7717,120,7577,-12,4545,820,4302,7780,51,7656,-7
2.0,10774,13407,9675,10414,350,2391,7,4292,15099,9709,3628,198,1776,1,4292,14243,7490,2864,198,2333,1,2194,14210,10509,3628,198,1776,-5,2194,13354,8290,2864,198,2333,-5,2194,12180,9291,2000,204,2333,-8
1.0,839,6241,9149,0,0,10048,-3,839,5319,9095,0,94,9040,-3,839,4821,7103,0,134,10116,0,839,4821,8116,0,139,9834,1,839,4821,7073,0,139,9834,0,839,4821,7903,0,157,9834,0
0.0,60187,0,951,60205,192,12375,-38,37976,944,951,38762,192,10861,-25,39695,944,951,38762,192,11622,-25,28965,944,1813,29714,198,8170,-23,29990,944,951,28974,198,9159,-24,22992,944,951,23687,214,9103,-24
1.0,1401,28386,24842,4700,356,6292,14,2210,19615,20202,902,381,6292,19,2210,17106,17447,2001,373,5485,14,1594,16133,17475,902,360,5485,15,1594,15332,14552,902,377,6132,5,809,15332,15791,902,377,7092,6
1.0,0,8766,7670,1683,55,7044,1,0,6571,8657,0,55,7683,4,0,5601,5780,0,55,7683,4,0,5601,6886,0,57,7683,4,0,5601,5738,0,55,7435,17,0,5601,6844,0,57,7435,17
1.0,4580,2315,5207,861,216,5499,4,1791,3773,6110,861,284,6747,4,1791,4583,6110,861,284,6747,1,1791,4583,7042,861,351,6747,2,1791,4583,7042,861,351,6104,52,889,4583,7042,0,351,5475,67
0.0,16350,3226,2560,14987,59,9149,-25,7885,2470,2560,9684,102,8390,-26,9138,2470,2560,9684,102,8390,-26,6863,3361,2560,7977,112,8390,-26,6863,2170,2560,7977,112,7815,-26,4968,2170,2560,7977,121,7815,-26
0.0,18294,1460,2712,9107,293,8840,-25,11092,1460,2712,3724,293,7801,-25,11092,1460,2712,3724,293,8632,-25,7065,673,2712,3724,300,8773,-25,7065,673,1904,3724,324,8546,-29,7104,2425,1904,2556,340,7300,-29
1.0,0,24077,24916,0,32,13586,29,0,18708,23323,0,32,12854,22,0,16055,17876,0,42,12854,21,0,17788,19426,0,42,12749,21,0,14873,15322,0,46,13744,21,0,15757,17026,0,54,13115,21
1.0,6097,2360,6857,1290,58,9049,-6,5719,3198,6945,1290,80,10753,14,4467,1149,4463,537,80,7968,-1,4467,1987,5642,537,80,9665,18,3611,838,4463,1221,99,10149,14,4467,1987,4810,537,80,9665,19
0.0,6328,5916,6033,7130,189,8525,7,5015,3048,5589,1728,189,8929,-4,5924,3985,4233,1728,191,7698,-5,5032,3125,6386,1728,219,7461,-5,5015,2188,5183,2119,189,8050,-3,5032,1372,7298,1728,314,7461,-5
1.0,6659,12318,11252,5531,359,2992,-1,5800,9942,10703,4318,354,4667,-5,5710,7851,7117,3195,349,3095,-3,5800,9062,10113,4318,413,4667,-6,4545,6548,6806,2369,505,3888,-2,5800,7333,8023,2591,434,5460,-7
1.0,1285,35313,34044,873,15,18432,25,0,39628,35400,0,15,18587,20,0,32495,29148,0,39,15919,19,0,34102,32606,0,15,18575,20,0,27800,26750,0,15,13069,20,0,28546,28689,0,204,14027,21
1.0,5366,18512,20514,5059,0,5050,-1,3485,15128,18780,2964,125,5512,13,4114,12207,15572,2964,125,6317,5,4104,7339,17128,2964,125,4981,5,4104,7339,13993,2964,125,4981,4,4104,7339,14682,1773,278,4981,5
0.0,51012,0,781,54262,167,16808,-36,29275,0,781,32698,176,14384,-20,28307,0,781,33975,167,13739,-22,21659,0,781,25071,176,12607,-21,22625,0,781,25990,176,13338,-21,18068,0,781,21653,176,13338,-20
0.0,31583,657,1712,24203,46,11949,-32,14598,657,3490,15988,46,9999,-26,15417,657,2663,16833,46,9999,-26,10953,657,2663,12158,105,9205,-23,10953,0,1817,12158,105,9205,-23,7775,0,932,12158,105,9205,-22
0.0,39771,1041,1005,46351,12,16559,-34,17431,1041,1005,26231,12,14315,-17,17431,0,0,26231,12,14315,-19,11342,0,0,21655,12,15732,-15,13236,1041,748,15579,12,13826,-17,8908,2000,748,11329,12,11744,-16
0.0,3536,2011,0,7844,266,6327,-14,2482,2011,0,6013,358,6204,-14,2482,1138,0,6013,278,6204,-17,2482,1138,0,4570,266,6843,-5,2482,1138,0,6013,363,6843,-11,2482,1138,0,4570,422,6843,-2
1.0,6011,3971,5920,7069,92,8632,-18,3058,3236,6334,2403,92,7740,-5,3058,3236,5200,2403,92,7724,-6,3058,3236,6132,1621,92,7724,-6,3058,3236,5200,1621,92,9060,-6,3302,3256,6121,793,468,7220,-7
0.0,34655,3745,885,35464,293,15729,-23,20167,5513,885,18494,315,12873,-23,20167,4472,885,18494,421,12873,-23,14596,4472,1676,17145,421,12979,-19,14596,3512,1676,17145,422,12979,-19,11490,3512,1676,14311,446,13803,-19
0.0,7409,1512,4254,5886,255,12338,-6,4362,1512,5283,4347,275,11071,-10,4201,647,4359,4405,272,10111,-10,2862,647,5283,2616,347,11071,-9,2701,647,2553,2674,264,10657,-10,3934,0,6374,2207,382,10380,-8
1.0,1494,44451,34290,0,92,18651,34,0,43958,33660,0,92,18309,21,1494,35580,28462,0,113,16402,21,0,36279,31560,0,113,18048,21,0,32252,27889,0,191,17185,21,0,32252,29969,0,191,18008,21
0.0,32764,2880,1636,33592,73,7816,-18,17158,2642,1636,18123,139,3968,-15,19186,2768,1636,19349,168,4805,-15,12240,672,1636,15154,157,3643,-14,14311,1676,1636,16283,161,4369,-19,10964,2440,2777,14503,149,4850,-15
1.0,4146,12473,11717,1070,12,5532,7,1798,11435,11546,1070,77,5643,8,1798,10451,9432,1070,122,4905,8,3298,9364,13463,2095,20,4390,7,3298,8315,12007,2095,20,5119,7,2208,9364,12393,2095,54,4390,7
0.0,13059,3779,4352,6443,236,6943,-10,5235,3466,3302,2429,55,6901,-10,5386,2400,2101,1787,54,8487,-11,3577,2603,2182,1787,55,7447,-10,3577,1412,2101,813,60,7447,-11,3577,1412,3181,813,112,7447,-8
1.0,0,38343,37599,0,352,14390,25,0,28878,32587,0,491,11066,25,0,24417,26741,0,491,11066,25,0,24417,27880,0,491,11066,25,0,21802,24581,0,491,11066,25,0,22430,25341,0,491,11897,25
1.0,5284,12683,8797,4388,420,3343,-4,4138,12683,7909,2470,430,2389,-1,5284,11496,5686,2470,931,3182,4,5284,9697,7545,2599,927,5153,7,4157,8927,5231,1701,431,2128,10,4157,10623,6913,1701,939,3406,10
1.0,756,33482,29229,1506,6,11214,30,1774,33169,27600,581,6,10271,22,950,21396,21816,581,6,8282,21,1774,27485,24430,581,6,8851,21,950,17863,19668,581,6,6684,21,1968,22095,23790,1410,6,8116,20
1.0,4210,7068,10508,3021,138,3056,-12,4264,4926,8083,913,138,2430,-12,4264,4926,6741,913,138,3159,-13,5459,6007,7695,913,158,3159,-10,5459,6007,6741,913,164,3159,-10,5459,6007,6741,0,181,3159,-10
0.0,22125,1362,2875,18579,66,14865,-18,11740,2425,1873,13537,69,12919,-17,11266,646,2875,15300,94,11154,-30,9635,1709,1873,11330,97,12239,-22,9866,646,2875,12115,94,11808,-24,7967,1063,3737,9025,94,14261,-26
1.0,1001,42707,47814,0,185,12586,16,1001,36888,41618,0,185,11506,19,1001,21021,34489,0,291,13184,12,1001,28979,36841,0,265,10611,19,1001,18058,31847,0,265,9619,19,1001,27857,34664,0,319,11186,12
1.0,3298,3365,5975,0,40,5205,-3,2136,3365,7517,864,76,4311,-3,4651,3365,6214,864,60,4311,-3,2136,3365,7938,864,76,4311,-1,2136,3365,6686,864,103,5836,-1,2136,3365,7805,864,113,5075,-1
1.0,0,57865,51346,0,13,18348,28,0,52302,47207,0,48,16981,34,892,44199,39410,0,48,15012,33,892,44199,41463,0,48,15815,33,892,35071,35750,0,81,13379,33,0,37465,37722,0,81,14180,34
2.0,9601,0,3924,5288,455,5198,-15,3607,0,3924,2185,294,3986,-18,3607,0,3924,2185,294,4514,-22,2924,0,3924,2185,341,4514,-25,2924,0,1829,2185,341,5136,-26,2924,0,1829,2185,340,5877,-26
1.0,0,981,5299,793,117,7622,-4,0,981,5946,793,117,6946,-2,702,981,5946,793,117,6946,11,702,981,6878,793,142,7470,11,702,981,6878,793,142,7470,8,702,981,6878,793,142,7470,8
1.0,984,36053,39646,0,222,10912,29,0,30135,37217,0,257,11463,26,0,25837,30923,0,257,10176,26,0,23693,32795,0,238,10946,25,0,19190,27534,0,231,13086,25,0,19190,29322,0,231,13086,25
1.0,1126,36909,38326,2156,35,17376,38,1126,35424,39412,964,40,21027,35,1126,32135,32614,964,40,19810,34,1126,30753,35625,964,40,18531,38,1126,27650,30065,964,40,16529,37,1126,27650,31237,0,40,17232,37
0.0,40327,0,885,65354,46,14135,-40,23735,0,885,43562,46,10632,-36,25525,0,885,43008,55,11305,-36,19009,0,885,41620,46,8785,-40,20268,0,2057,35984,55,10469,-35,14173,0,2057,32016,55,7498,-35
1.0,0,12096,5987,2164,6,7293,-17,0,8711,5371,488,6,7293,-17,0,6808,3598,488,6,6486,-17,0,6808,4704,488,6,7050,-11,762,10170,4482,1540,6,8001,-12,0,5115,4704,488,110,7050,-11
1.0,2654,21723,29703,965,81,10931,7,2654,25333,25600,0,81,9483,8,1758,21556,19836,0,98,8710,4,1758,22470,21055,0,98,8710,5,2654,10061,17469,0,81,9142,6,896,10061,18631,0,99,9142,7
1.0,1793,12823,6353,987,960,5117,9,874,12671,7264,0,774,6825,13,874,12671,6225,0,774,6825,13,874,12671,7194,0,774,6825,16,874,11340,7194,0,774,7535,16,874,12230,8122,0,774,6704,16
1.0,2345,24434,17179,705,7,14523,21,1252,26848,18503,0,7,14097,9,1252,20867,14502,0,7,10103,9,1252,21520,16112,0,7,9830,21,0,17790,13096,0,28,9674,11,0,18903,15059,0,28,10642,11
0.0,11731,0,2821,17624,100,2566,-31,6408,810,1666,11538,109,3183,-23,7463,810,1666,12067,136,3183,-23,6000,1607,1666,8386,145,3183,-22,7029,1607,1666,7479,149,3183,-22,4833,1607,1666,7479,156,3183,-22
0.0,50148,0,3438,57145,112,15219,-40,32438,0,3438,34355,112,15493,-34,35112,0,1027,39987,112,14618,-31,24989,0,1027,31753,112,13621,-25,26080,0,1027,31753,112,14263,-26,20016,0,1027,25361,214,12318,-25
2.0,10197,10177,15268,8625,305,2999,6,8000,8337,10995,3503,305,3363,7,7254,8337,9966,3503,305,3363,1,6198,8337,9966,1691,309,3363,2,6198,8337,8214,1691,309,2562,2,6198,8307,9382,1691,309,3081,3
1.0,2591,10574,15509,856,0,5442,-1,2591,8492,13854,0,0,6006,2,2591,8492,11075,0,0,5791,2,2591,8492,11075,0,27,5628,-3,1687,6437,9322,0,27,6840,-7,1687,6437,9322,0,58,6840,-5
1.0,0,30808,34091,0,26,15324,29,0,31202,32211,0,53,14541,29,0,27402,26664,0,43,14655,26,0,28838,28728,0,53,12762,23,0,27331,24483,0,70,14655,29,0,26917,26210,0,53,12762,23
0.0,41910,992,0,44454,19,13509,-29,24800,992,0,26072,24,12648,-19,26053,992,0,26072,30,12648,-19,18873,992,0,20830,55,10839,-19,19059,0,0,22138,44,12495,-22,13830,0,962,18652,321,10513,-22
0.0,11026,4041,7208,12624,98,10456,-10,7032,5045,9129,6639,98,9956,-10,2992,1762,6242,6717,98,10390,-12,6133,3041,9129,4199,98,9956,-10,1833,1762,5188,3436,98,9427,-13,5324,1762,8075,1381,182,9956,-11
0.0,68542,2174,949,73127,0,20624,-60,42126,980,949,47768,0,13515,-42,45482,980,0,48736,0,13421,-43,35248,980,949,36830,0,15248,-44,36195,0,0,38842,0,15940,-43,28414,980,0,35170,0,16393,-43
0.0,4414,0,1675,10308,194,11555,-24,1297,0,1675,7616,243,11345,-24,2404,0,1675,7616,243,12081,-24,1297,0,1675,7616,243,12081,-13,1297,0,1675,7616,260,12081,-13,1297,0,1675,7528,299,12343,-13
1.0,0,27417,32992,0,82,15647,17,0,25619,28154,0,84,13409,18,679,20767,22461,0,88,13413,15,0,18011,23932,0,84,14221,18,0,16662,20754,0,82,12409,16,0,16662,22589,0,82,13363,16
0.0,7576,6138,5294,17192,462,2730,-6,2943,5866,7856,10185,319,3734,-7,6011,8297,4360,13857,267,936,-5,2943,4674,5465,4336,306,3491,-5,2943,3784,4417,4336,351,3491,-12,1875,4674,6342,2517,342,4292,-5
0.0,17680,3463,2833,15115,125,7991,-25,9620,1253,2833,9428,125,7729,-22,9395,0,2833,8932,131,7991,-27,6376,0,2833,7102,131,7729,-23,6376,0,2833,7631,131,7729,-23,4404,0,2833,8565,131,8391,-22
1.0,861,40791,48814,0,108,22438,32,861,30137,44677,0,112,18956,24,0,25714,38084,0,111,14393,25,0,26695,40315,0,115,16900,25,0,22560,34205,0,115,15378,24,0,23793,36189,0,124,15555,28
0.0,8682,1003,1054,10248,51,15385,-11,5312,1003,1054,6456,51,13772,-14,6403,1003,1054,6456,68,13772,-14,4048,0,0,6830,118,9862,-14,6186,1003,1054,5696,71,12792,-13,4048,0,1054,6001,154,11022,-14
1.0,0,22158,30041,0,48,16389,13,0,19027,26125,0,48,14094,13,0,14147,20839,0,48,11388,12,0,14147,22023,0,58,12839,11,0,11585,17437,0,57,10506,11,0,11585,18304,0,129,10506,11
0.0,13453,4660,3179,17887,165,9654,-9,2872,3612,4347,10263,170,8708,-7,2872,2570,2197,10263,258,8708,-12,1806,2617,4347,9123,172,8649,-6,1806,1716,4347,7408,185,8649,-6,1806,2411,4347,4443,197,9285,-5
0.0,19732,6012,1902,15119,1126,3303,-7,9782,5907,3064,8418,1126,2965,-6,9782,5081,3064,8418,1126,2965,-6,6154,5081,3064,5616,1126,2965,-5,6972,5081,4012,5616,1126,2965,-4,5436,5081,4012,3895,1138,3657,-3
0.0,3514,1571,2917,9849,33,3183,-10,1938,1571,2807,5089,65,4534,-10,2645,1571,2807,5507,61,3241,-9,1435,1571,1778,5332,65,4259,-8,1435,551,1778,5332,65,4259,-8,2327,1571,1018,4453,102,4259,-11
0.0,8284,1609,6713,13414,147,4004,-4,2490,1587,4741,9289,176,3074,-6,2490,649,2856,8420,176,3074,-3,1623,1587,4741,7136,176,3074,-6,1623,649,4917,7287,192,4062,-1,1623,649,6737,5714,229,5542,-5
1.0,4943,13171,12782,5045,508,5652,-1,4091,10386,10974,1463,508,7697,5,4091,7813,8146,1463,508,6075,2,2592,6800,8146,714,511,6075,3,3310,7279,7024,1463,508,6075,2,1811,6266,7024,714,511,6075,3
1.0,0,34824,30000,873,285,14704,11,0,31127,31327,873,293,13265,8,0,25334,27300,873,293,10632,11,0,29385,28442,873,293,11522,7,0,21146,24647,873,293,10437,10,0,28468,26375,873,338,10633,8
0.0,32533,0,3207,29525,430,8295,-15,18252,1362,3207,17967,470,5554,-14,17557,0,1983,15896,433,9251,-20,11232,0,2723,12760,433,5076,-25,13807,2045,2742,14726,470,4116,-16,7642,0,2723,8434,437,4051,-18
0.0,6696,791,2968,11803,64,1480,-15,3479,791,2076,10341,66,1480,-24,3479,791,1038,11006,66,1480,-24,2624,791,1038,8183,72,1480,-24,2624,791,1038,8183,72,1480,-24,1777,791,1930,8183,78,2410,-18
0.0,19724,4145,5597,30159,503,4328,-25,9990,1960,3016,13944,507,3159,-25,10097,919,3016,13944,507,3814,-26,7066,919,4128,14037,507,3257,-22,7066,0,4128,13899,521,3257,-23,4975,0,3016,10800,521,3814,-22
0.0,42052,1717,3202,47911,55,11118,-28,20355,3677,2746,30116,61,11001,-6,21162,2673,2746,29310,61,10009,-7,12794,2673,5381,20954,61,7711,-5,13638,1865,5381,19958,61,8409,-5,8420,2511,5381,12981,63,7558,-4
1.0,0,21949,18312,1228,262,8039,5,0,19366,19322,1092,379,7625,0,987,11140,15110,1092,379,7625,-1,987,11140,16060,0,379,8291,5,987,11140,12836,0,379,8291,5,987,11140,13984,0,494,8291,5
1.0,1122,39984,24796,656,116,15850,20,1122,32764,25108,656,207,18462,19,1901,29535,19436,656,207,18462,19,1901,29535,20130,0,207,18462,19,1122,24560,16697,0,146,13943,14,1901,28447,17964,0,233,17721,15
0.0,3174,4114,8053,2526,8,10765,-23,3174,5049,5700,718,28,9560,-18,3174,5049,4265,718,8,13703,-18,3174,5800,4265,0,8,12646,-14,3174,3809,4065,0,94,13133,-14,786,1889,4864,0,170,11445,-18
1.0,726,11876,8173,1716,112,4029,-6,726,10889,7638,0,112,4582,-7,726,9828,5562,0,112,4582,-8,726,10889,6668,0,300,3036,-7,726,9828,5520,0,287,5164,-7,726,9828,6238,0,287,5164,-7
1.0,3250,13350,14351,3728,51,3110,0,2232,7104,12387,2292,52,2786,1,1234,8691,8550,1020,59,2463,0,1234,8691,9669,1020,59,2463,2,1234,8691,8394,1020,65,2463,0,1234,9462,9326,1020,65,1820,4
0.0,6280,0,4821,2456,192,7266,-12,4580,0,1700,3189,210,6900,-21,4580,0,1700,3189,210,6900,-21,3454,0,1700,2477,58,7671,-21,3454,0,1700,2477,58,7671,-21,3683,0,4821,935,198,4378,-21
1.0,5292,21152,25062,2762,174,7053,19,5627,20078,22767,2094,203,7053,20,4369,11159,18623,2063,203,7577,19,4369,10346,19416,2063,205,7577,20,700,9408,17063,2864,235,7577,20,1875,8838,17190,2063,265,8269,21
1.0,679,28424,30513,2092,188,12294,16,679,26322,26938,1108,215,12965,15,1924,22330,21470,1108,368,9958,6,679,24435,22594,1108,215,14617,5,1924,17176,17554,0,293,9552,20,1924,19448,20322,1108,425,9552,20
0.0,31342,1276,928,40511,107,15686,-41,14669,1276,928,21017,110,14311,-41,15658,1276,928,22621,110,14493,-42,9594,1276,928,16045,110,12631,-42,10477,1276,928,16045,110,12631,-42,7312,1424,928,14368,110,13477,-43
1.0,1479,17516,17150,1789,189,9929,4,2663,13173,15550,793,189,9929,0,1479,10898,11705,0,189,8215,3,2663,11881,13646,793,308,9929,-3,3654,9069,10751,793,308,9956,0,3654,9904,10751,0,308,9614,0
0.0,50655,729,1145,42883,86,18649,-41,29970,729,1145,22205,125,16717,-31,32754,729,1145,22205,125,16717,-32,25944,729,0,21541,125,14719,-32,27908,729,0,20327,125,17585,-34,20842,0,1145,12149,146,15628,-32
1.0,2683,8843,5612,4118,202,8911,8,2683,5943,6717,0,490,5166,14,2683,4952,5748,0,490,5851,11,2683,4952,6896,0,620,5851,11,2683,4256,5748,0,625,5060,7,718,3976,6896,0,744,5119,11
0.0,14934,6238,5005,16807,544,6208,-17,11265,6821,5005,14977,642,5461,-17,9360,4073,2932,13419,642,5929,-9,8219,5065,2932,13419,642,5929,-8,9203,5065,3860,13419,660,6084,-14,7791,5848,5458,9677,698,7868,-15
1.0,962,35710,35439,0,128,13472,15,962,30786,31824,0,128,11680,18,962,25258,24956,0,222,9879,15,962,24451,26698,0,229,10663,21,962,20878,21660,0,229,10663,21,962,21888,23419,0,247,11464,21
2.0,6154,5989,7582,4482,119,5462,-6,3261,4068,7463,1636,125,6308,-6,2510,2301,3870,0,449,5373,-8,2510,2301,4953,0,466,5373,-8,2510,2301,3913,0,523,5373,-12,2510,2301,4867,0,523,5373,-12
0.0,60540,0,0,48434,29,18926,-49,40173,0,0,25252,29,13446,-39,41923,0,0,29489,29,14199,-42,33418,0,0,19045,29,15693,-45,34583,0,0,19045,29,17422,-45,26891,0,0,22970,57,12864,-37
0.0,12730,7063,9402,19951,358,2132,-2,8134,6525,6476,12900,423,3361,2,5126,2205,3632,13196,423,3621,-2,5620,5552,3864,8145,461,5894,6,2612,2205,1020,8591,441,5545,2,2612,3206,1020,11916,709,4198,-2
1.0,4586,751,5375,0,57,9638,-12,2707,751,6220,0,74,9786,-12,2707,751,5254,0,74,9083,-16,889,751,5254,0,139,8245,-16,889,751,5254,745,139,9822,-16,889,751,5254,745,144,9822,-15
0.0,15884,6999,2839,18402,200,3376,-15,7517,5857,4032,13005,252,3197,-15,7095,4173,4032,11311,202,3587,-12,6470,5857,2839,9376,268,3197,-11,6470,4768,2839,8538,287,3830,-12,6407,4173,7403,2644,234,3587,-11
1.0,5516,12008,9915,3682,24,4620,11,3445,10917,11204,2570,33,4620,10,4448,9657,8207,1646,33,5299,9,4448,10473,9348,840,33,5299,9,2553,9657,7705,1646,33,6298,10,2553,10473,8846,840,33,6298,10
1.0,5457,23643,8676,5287,58,4611,1,1188,20363,8662,2577,166,5911,-4,1188,17704,7153,2577,202,5911,-5,1188,18735,8465,1745,202,5911,-5,819,11301,7098,1745,97,5844,-2,819,10363,8403,1745,97,5844,-2
0.0,43344,1486,2390,35645,21,7960,-26,21102,551,1029,22804,64,6537,-26,21102,551,1029,19888,109,8071,-26,14743,0,1029,15088,116,6193,-26,14743,0,1029,14177,133,6193,-26,9063,0,1029,12770,133,6193,-21
0.0,17702,6783,2378,15098,192,7362,-12,9002,5787,3179,3971,192,5880,-11,8186,3973,1080,4362,192,5880,-15,5515,3985,3179,3328,204,5880,-14,5515,2484,1080,4490,204,7820,-12,6359,4596,1881,1810,204,7137,-15
0.0,34067,0,0,21711,150,9585,-21,20244,0,1193,11105,246,6722,-21,20301,0,0,14997,229,8540,-21,14885,0,0,12286,229,6762,-21,14885,0,0,12286,229,6762,-21,10262,0,1193,6428,246,5161,-21
1.0,10122,11619,10947,3500,94,2336,0,9027,8388,9822,2881,94,3393,0,9027,6193,8773,3922,94,3393,-4,9027,6193,9044,2881,95,3393,-4,8108,7177,6563,1903,135,4972,-3,6041,5116,7916,1903,114,3393,-4
1.0,1234,45716,39952,0,81,17011,26,1234,44916,34998,0,92,16911,23,1234,33807,25891,0,98,15192,21,0,33807,27705,0,98,15192,21,0,28939,23501,0,98,15192,24,0,30017,25343,0,98,15192,24
1.0,0,47163,62721,586,11,27035,38,0,46629,57240,586,79,26460,38,0,38706,47430,586,69,25752,37,0,37849,49558,586,69,25752,37,0,37041,42244,586,107,24262,37,0,36184,44372,586,159,24262,37
1.0,7740,15916,13489,4598,216,7512,6,5453,13599,11640,2350,216,9719,5,5453,7435,8638,2803,216,8793,5,5453,7435,8638,990,216,8793,5,5453,3002,7216,990,216,8793,4,5453,3002,7999,990,220,8940,4
0.0,13147,7307,6913,14220,126,11965,-12,4617,4335,3759,7541,127,10526,-3,5511,3229,3759,7541,127,9885,-3,3583,2827,4874,7950,128,10799,3,3583,1715,3082,7950,128,9852,3,3583,2553,3082,7950,148,9852,4
1.0,612,8128,11415,661,89,11112,3,612,8017,11242,661,97,13106,3,612,6309,8499,0,116,12858,3,612,6905,8876,0,97,13180,3,612,6905,7725,0,97,13667,3,612,6905,7725,0,184,13667,3
1.0,1803,12246,16821,1527,7,5647,7,2799,8703,14912,628,7,5023,4,2799,7309,10930,628,7,5860,3,2799,7309,11797,628,126,5079,6,2799,3606,8888,628,126,4631,1,1989,3606,9849,628,126,3709,4
0.0,10617,3064,3885,13690,56,4450,0,5266,3064,4908,3213,57,3588,0,5158,1915,3823,4256,329,3810,2,4065,3064,4781,1512,69,2868,-4,4911,3064,3182,2425,325,2868,-8,2912,3064,5864,1512,325,2868,-7
0.0,11812,6244,10165,14678,73,5535,-5,4317,4843,7065,5679,73,6504,-5,4008,1996,5924,7359,104,5827,-8,5984,2745,7946,4334,73,6174,4,4891,3864,6288,8233,74,7093,-2,5984,1639,8724,3594,74,5708,1
1.0,652,33854,36600,0,97,16204,20,652,30385,30454,0,97,15359,21,652,25150,26001,0,97,14413,20,652,25908,26967,0,163,15129,20,652,22683,24657,968,163,14078,19,652,23321,25585,968,185,14078,20
1.0,3600,17596,14274,949,337,5595,9,0,12483,12712,0,399,5033,9,0,9795,9333,0,401,5033,9,0,7154,10530,0,401,5033,9,0,5415,8347,0,428,5033,9,0,5415,9289,0,546,5033,9
0.0,11546,5705,7286,5411,498,2696,7,4019,3442,8458,3434,195,3358,9,4019,3442,6499,3434,195,4038,9,3135,3442,6499,2512,203,4038,6,3135,2551,5439,2512,203,4038,6,3901,2551,6336,1798,203,3358,1
1.0,3081,18992,18447,6036,568,6793,4,3561,14429,14784,2657,570,6998,4,3561,12529,12634,3369,366,6796,4,3630,12347,13742,1941,570,7544,4,3630,6746,10995,1987,366,7342,8,3630,7568,12672,1271,570,9328,0
0.0,40965,1724,2757,41399,422,12594,-18,21181,1724,3351,21840,500,10734,-15,20342,763,2560,21840,549,10734,-16,14995,763,2560,19293,571,9972,-16,14995,763,2560,17739,608,9972,-11,10529,961,2552,14098,679,9758,-20
0.0,20017,2039,2255,24003,67,3684,-24,9435,3049,885,17212,100,3969,-27,10385,3049,885,15448,109,3969,-27,5872,1010,885,14402,121,3969,-21,5852,0,2898,16574,119,5372,-23,3755,1010,885,13206,130,3969,-12
0.0,2942,7046,7372,3928,3,6083,-12,2866,6363,8444,1562,3,7286,-9,2866,7163,4951,529,3,7286,-14,2866,6398,6932,529,19,7286,-13,2866,6398,5172,1072,19,7286,-14,2866,6398,6022,529,19,7286,-13
1.0,1916,24787,22989,719,68,13507,6,0,23511,23065,0,144,14819,8,0,21549,19043,0,224,14990,8,0,23749,20309,0,206,14990,8,0,21937,17814,0,206,12444,5,0,23607,19029,0,206,11678,6
0.0,915,3689,3236,2414,38,8206,-3,915,2802,3642,1695,86,7205,-6,915,2228,3642,3375,86,6196,-7,2056,646,4104,1695,38,7004,-2,1476,2469,2085,1564,87,5346,-8,2056,646,4133,1695,38,7004,-3
0.0,2360,4621,7960,4770,183,7206,-8,2360,3778,7747,2624,275,5036,-8,1353,3778,6921,2767,301,5036,-7,1353,3778,7747,1575,301,5036,-7,1353,3060,7747,1575,301,6257,-7,0,2090,7747,689,372,5531,-6
1.0,890,46492,37699,0,15,11938,24,0,40433,34677,829,15,12033,24,0,32395,26880,829,15,9676,24,0,32395,30286,829,20,11346,24,0,27314,24202,829,20,10392,23,0,28848,26229,829,20,11639,23
1.0,0,59697,49028,772,24,20558,27,0,54777,45916,0,40,21544,38,0,49770,39218,772,24,19112,26,0,54186,41298,0,40,18930,32,0,44797,34531,0,40,15213,31,0,45836,37876,0,40,17778,31
0.0,22086,3603,3053,22795,126,5715,-4,9064,2956,3053,10855,154,4117,-4,9064,1800,3053,10126,162,4117,-4,6017,2034,4830,13954,154,4035,-3,6017,2034,4830,13954,154,4035,-6,2387,0,3122,10090,246,3671,-9
0.0,10199,5616,4818,14645,1021,4037,-6,4960,4000,5017,8479,1033,4037,-7,4960,3177,5017,8479,1033,4037,-7,4034,4149,5017,4392,1033,4037,-6,4034,3419,4058,4392,1057,4037,-6,4034,1427,7009,4392,1034,4037,-8
1.0,4948,18456,18125,1017,18,15967,14,3773,17747,17795,0,34,16188,14,3773,15272,13689,0,34,15206,14,3773,17347,15580,0,34,15329,14,3773,11786,13535,969,34,15329,10,3042,11786,14585,969,55,15329,11
1.0,0,43291,35913,0,57,16664,26,0,35806,35131,0,57,16212,25,0,28647,30869,0,57,15543,24,0,30403,33007,0,57,16926,25,0,33079,28650,0,107,16141,24,0,33802,30915,0,150,16399,24
1.0,4880,23234,21621,9170,411,4118,1,2956,15061,17754,3370,417,4628,1,2956,15649,16852,4640,460,4648,1,2956,13769,17714,3370,464,4648,1,2956,13232,15716,3370,464,3990,1,1006,11270,14127,750,459,3128,9
1.0,0,46582,45738,1129,126,13825,22,0,42291,37088,0,126,13540,22,0,34275,29918,1296,126,11821,22,0,30087,30941,0,126,12562,22,0,22869,24526,0,126,11046,22,0,23877,25660,0,126,11791,22
1.0,0,44949,48101,0,59,16959,29,0,43865,45801,0,127,17045,35,730,36187,39244,0,127,15193,30,0,34823,41046,0,127,13767,30,0,31484,35211,0,127,11792,30,0,32444,37226,0,127,12311,31
0.0,122784,0,0,149180,21,34371,-85,90571,0,0,116696,22,29115,-57,95781,0,0,115799,22,29954,-58,77319,0,0,100903,22,26147,-59,81762,0,0,103467,40,27853,-60,66567,0,0,91573,22,27762,-60
0.0,11739,12683,10930,7954,202,3651,-11,10494,14859,9869,3543,202,4249,-11,9334,12017,7674,2546,218,4795,-11,6716,10928,8735,2546,218,4795,-2,8089,12017,6640,1652,450,4017,-11,6004,12017,6640,826,459,3421,-3
1.0,0,31670,28114,1524,290,7587,16,0,24113,25252,760,116,6077,16,0,17845,20608,760,295,5886,9,0,16440,22006,760,139,8569,6,0,17845,18790,760,121,7463,9,0,17845,19975,760,121,7458,9
0.0,23059,935,723,16342,50,14042,-27,11210,935,723,16342,24,9438,-24,12198,935,723,16342,24,9438,-24,8812,935,723,10687,24,9438,-24,9679,935,723,10687,24,10276,-24,7527,935,723,9704,24,8553,-24
1.0,3794,2996,8952,719,98,5033,-5,3794,2313,8851,719,213,5107,-1,3794,2313,7150,719,213,6585,-1,2625,1257,8076,719,274,5107,-1,2625,1257,6375,719,274,5900,-1,2625,0,6851,719,279,5107,0
1.0,2260,15067,14083,699,366,6471,11,1029,10862,10202,0,368,6255,10,1029,10755,6921,0,368,6255,10,1029,10755,8062,0,385,6255,10,1029,10117,6829,0,385,6907,5,0,10117,7864,0,391,7731,5
0.0,27643,1162,2851,20970,29,9840,-22,15182,1762,1759,9782,29,6824,-18,14736,0,2851,10321,56,4938,-22,10390,1762,1759,8043,43,6824,-18,10390,600,688,8043,51,6499,-20,7859,600,1780,7083,80,7292,-16
0.0,28760,0,885,26978,99,12185,-28,13420,764,885,18670,103,13320,-25,14230,764,885,18670,103,13320,-26,11423,764,885,12619,138,10997,-25,11423,764,885,12619,138,10438,-25,9325,764,885,11642,144,11885,-26
1.0,890,35694,26322,1425,1186,4869,8,890,25879,23004,1425,1111,4732,8,890,19276,18745,1425,999,4732,8,890,19276,19884,1425,999,4131,8,890,19276,17712,2618,999,4131,0,890,19276,17712,1425,999,4131,2
1.0,3682,16922,16716,1823,541,6518,-1,2902,11699,14473,958,595,5479,-2,2902,9612,11928,958,621,4511,-2,2902,9612,11928,0,634,5936,-5,3682,6885,10109,0,684,5224,3,2902,6885,11165,0,714,5224,3
1.0,1309,25489,30206,793,13,11520,4,1309,17253,26217,793,67,9650,20,1309,14127,19161,793,67,9650,20,1309,13222,20427,793,67,8771,21,1309,12233,18269,1651,67,5791,15,0,13010,19063,793,24,5878,12
1.0,4355,9239,10421,7503,517,2302,-13,2886,6099,8968,2334,545,3457,-13,3778,4161,7898,2334,545,2640,-8,2886,6099,8719,1528,689,3457,-6,2886,6099,8719,1528,696,3457,-6,2886,6099,9671,1528,696,3457,-1
0.0,15048,4828,9489,17145,205,5169,-3,4645,4735,6712,10219,205,6145,6,5595,4735,6712,10219,208,6145,6,6981,4828,7647,4736,205,5268,2,5941,4805,7025,5791,216,6952,1,5696,4667,7647,1878,216,5739,4
1.0,7934,8093,4335,3068,101,6206,-16,3823,1834,5548,656,83,7414,-13,3823,1834,4531,656,83,5661,-14,3823,2912,5308,656,89,5661,-14,3823,2912,5308,1150,89,6326,-15,3823,2912,5308,494,89,6594,-14
1.0,3600,16193,13972,3396,93,6734,-2,3600,15243,12266,1569,104,7406,1,4509,14171,9743,1569,120,7452,0,3432,11911,9743,656,120,7452,0,3432,10148,8455,656,120,8123,-1,3432,10148,9310,656,120,8123,0
0.0,25557,0,2289,23599,24,10976,-9,18974,1814,2289,15178,24,8338,-9,17887,0,2289,18559,24,9970,-14,16568,1814,2289,14428,24,9722,-14,15585,0,2289,17615,38,9970,-16,13827,1814,976,10394,30,7967,-17
0.0,29707,2270,1816,38709,0,12411,-12,16072,1275,3130,19049,0,10685,-12,16997,1275,2246,19049,10,9727,-12,13235,1275,2246,14794,10,9727,-11,14099,1275,932,14794,10,9727,-11,10332,1275,2017,10314,10,7049,-8
1.0,4352,12590,12939,2463,934,5173,3,2653,10664,9920,1644,820,4388,10,2653,8191,8800,1644,1015,4388,5,2653,8191,8800,1644,1096,4388,10,2653,6437,7887,1644,1091,4894,7,1761,5858,8692,1644,1103,5804,9
0.0,17215,649,886,21919,50,7240,-17,10192,649,886,12845,53,7724,-4,11183,649,0,14118,53,7142,-5,8766,649,0,11380,53,8130,-4,8779,0,0,9051,51,8111,-5,7962,2111,886,6141,54,9314,-9
1.0,604,72841,62394,869,99,25704,34,604,62136,58104,0,217,25355,25,604,51094,48792,0,217,23403,25,604,52609,50355,0,228,23662,25,604,46980,42349,0,217,23158,24,604,46269,43754,0,264,23382,21
0.0,43570,0,721,60529,82,8145,-44,27936,0,721,31423,82,6168,-36,29959,0,721,32815,82,6895,-36,23864,0,721,28794,82,6339,-29,25116,0,721,28794,82,6339,-30,19271,0,721,17220,82,5448,-29
1.0,1105,15012,22444,1746,591,4948,8,1105,14314,19262,1746,654,4533,8,1105,9214,14741,920,595,5321,8,1105,9214,15532,1596,764,5321,8,1105,7161,14378,1596,764,5321,8,1105,8352,14657,1596,827,4539,8
1.0,3182,25226,23832,5076,506,5369,6,806,16875,18999,0,506,5514,6,806,16875,15511,0,506,4856,2,806,12861,17081,0,506,4856,1,806,12861,14764,0,506,4856,-3,806,9679,16431,0,29,5393,-1
1.0,779,5641,14633,2605,28,4322,0,779,5641,14519,1645,33,4322,-10,779,4602,11443,1645,33,4296,-11,779,4602,12549,1645,33,5182,-11,779,3543,10413,1645,33,5182,-8,779,3543,11328,1645,44,5923,-8
2.0,5752,12307,11454,7488,540,4586,-4,4749,10229,10999,1646,524,4586,-4,4749,9355,10999,3276,524,4586,-4,2283,9355,10999,1521,524,4586,-4,2283,7160,10008,1521,527,5118,-1,2283,7160,11097,1521,527,5859,2
1.0,1688,18842,15409,2294,149,4415,8,2293,19780,15556,1593,149,6125,11,2293,19017,14415,1593,149,4353,11,2293,16855,15583,1593,298,4353,11,2293,15070,14529,1593,298,4353,11,2293,15070,15585,1593,329,4819,16
1.0,1341,17238,17640,0,275,12274,6,1959,15771,15713,0,275,12338,6,0,10575,12524,0,279,11095,6,0,16374,13850,0,279,14343,30,0,10575,11705,0,290,11809,30,0,11267,12724,0,290,13476,30
0.0,2729,1195,1222,705,125,4334,-20,0,0,2154,705,126,4829,-20,0,1195,932,0,230,3542,-21,0,1195,1567,0,347,3542,-21,0,0,1567,0,348,4829,-24,0,0,2789,705,274,5393,-23
0.0,12165,4072,6712,13836,18,6100,-23,6837,7288,6712,10313,18,3587,-23,6989,5091,4027,10313,18,6193,-24,5292,5868,4027,9585,18,5388,-23,5292,4657,4027,8541,18,6010,-24,4815,3613,6712,4715,18,4210,-24
1.0,2651,11656,10679,0,155,8434,10,2651,8624,11870,0,162,8434,10,2651,7322,10808,0,232,8434,10,1842,6986,12167,0,193,6852,10,1842,6986,12167,0,215,6852,19,1842,6986,13201,0,215,6852,19
1.0,858,31993,34544,1122,9,11575,12,858,23277,29370,0,34,13666,23,858,21644,23290,0,22,13756,13,858,20631,26395,0,34,14598,24,0,24652,21250,0,9,10542,17,0,17335,24294,0,34,13241,27
0.0,34166,3534,795,31821,538,6245,-10,13133,2421,0,14408,816,3908,-10,14087,2421,0,14408,816,3908,-10,9992,2421,0,12537,816,4392,-6,9038,1342,0,11859,816,5054,-11,7321,2421,0,10430,816,4929,-6
1.0,950,22254,26300,913,10,13975,10,950,20529,24094,0,10,14010,13,950,14407,20693,0,10,11333,13,950,13594,21799,0,19,11333,13,950,12859,18492,0,19,10179,13,950,10304,19623,0,19,11876,19
0.0,41645,1843,0,30925,74,19077,-26,24785,1689,0,21362,74,16849,-20,26531,1689,583,22046,74,16849,-20,17865,1689,0,14624,74,16806,-24,18851,1689,583,15308,74,16806,-24,11809,1689,583,14495,74,18142,-24
1.0,3950,12457,16958,2861,41,5867,-2,3950,9339,14841,2079,102,4969,-3,3950,5366,10857,782,102,3770,-3,4824,7331,12197,0,192,5665,-7,4824,4354,9554,0,192,4805,-4,1957,7731,9848,0,71,5605,16
0.0,57031,0,2113,69694,24,22919,-46,32804,0,2113,49825,24,15771,-29,34859,0,885,51098,24,16520,-30,25672,0,2113,42414,125,18613,-30,26968,0,2113,42414,125,18613,-31,18736,0,885,35173,41,15583,-30
0.0,38305,0,0,33879,17,11307,-21,19474,0,1887,16889,75,8430,-21,19474,0,896,16889,87,8430,-21,14496,0,896,13313,87,8410,-21,14496,0,896,12447,87,8410,-29,11246,0,896,9967,87,7032,-29
2.0,3357,6973,7919,4553,0,2197,-14,2467,7665,5495,1660,3,4003,-14,3028,7665,4290,1660,3,4003,-14,2467,6692,5495,1660,3,4003,-14,3028,6692,4290,1660,3,4003,-14,3028,6692,5725,1660,4,4111,-12
0.0,107743,756,800,98181,78,26857,-62,74898,756,800,64410,78,22501,-48,76340,0,0,75870,78,24919,-51,62300,0,0,56084,78,21788,-46,64779,0,0,56084,78,22354,-46,53643,0,0,43783,78,21857,-47
1.0,1093,55086,54646,0,172,18234,22,0,54000,47665,0,172,18897,23,0,39881,38187,0,197,15730,22,0,35989,40522,0,197,17223,23,0,32075,33519,0,197,17223,22,0,31592,35672,0,289,12415,22
0.0,11863,1896,5560,13246,64,3529,-18,6629,1825,5336,7079,80,3529,-7,5387,0,4404,8879,94,4366,-10,3668,1027,2750,9958,74,3529,-11,3668,1027,2750,9958,74,3529,-14,2790,1027,2750,7311,74,3529,-13
0.0,59021,995,0,57733,34,19321,-49,40666,995,629,36597,34,17585,-32,43875,1753,629,38707,63,20029,-40,34989,1753,629,30048,63,18293,-32,36606,995,629,32514,64,17406,-34,30263,1753,629,23832,63,18202,-34
0.0,6869,6444,9232,4585,28,8364,-5,6869,6371,8187,1543,44,7898,-8,6869,6371,7090,1543,44,7898,-11,3860,5237,8042,852,148,7442,-11,3860,3831,7007,852,148,7295,-11,3860,3831,8254,852,48,7295,-11
0.0,9557,826,2972,5854,14,13639,-18,7023,826,2972,5097,114,12618,-23,7023,826,2972,5097,120,12618,-23,5787,826,2972,2911,43,10999,-14,5787,826,2972,2911,49,10999,-14,4848,826,2972,2911,49,10999,-11
1.0,3195,12130,16843,2586,18,9269,14,2312,13793,16333,793,31,7852,11,2312,10423,13398,1521,40,7852,1,2312,10423,14386,728,40,7852,2,1979,9764,11891,754,70,4730,11,1096,11354,13347,754,82,5861,11
1.0,0,22095,23453,917,303,9910,6,0,15563,19806,0,303,9965,11,0,14625,15233,0,310,9965,10,0,13173,16437,0,310,12587,10,0,12949,12679,0,303,7772,13,0,12011,13721,0,310,9288,12
0.0,16942,4499,8004,5475,84,4398,-5,11044,2719,7296,3163,238,5180,-6,11044,1791,6098,2309,390,5116,-10,11194,4379,7296,5475,412,4213,-6,10180,2719,7296,4695,386,5131,-7,9015,3616,7296,4695,489,5825,-7
1.0,0,35017,36082,2211,174,9157,24,0,29669,30859,1079,174,9867,25,0,27718,25431,1079,174,8978,23,0,26545,26676,543,178,9770,23,0,21579,23156,543,178,9770,23,0,20759,24854,543,375,9770,23
1.0,1439,45866,40046,678,188,26814,21,659,43091,37790,0,193,24779,22,659,34709,31968,678,202,22755,23,659,36669,34177,0,202,22755,23,659,31908,29318,0,189,18768,24,659,33604,32106,0,202,19911,23
1.0,0,33021,36843,1949,157,16338,21,0,32937,34589,0,172,17048,21,0,27062,25982,0,280,15130,23,0,25939,27407,0,172,17048,23,0,22284,22954,0,181,16236,19,0,25689,24324,0,192,18453,19
1.0,1074,29203,32550,1549,26,14711,26,0,30445,29945,0,59,15668,26,0,25513,25051,0,59,13349,22,0,25052,28091,0,87,13275,22,0,23661,23574,0,95,13349,18,0,22527,25464,0,152,14677,22
1.0,1155,34739,35390,749,111,9684,21,1155,32130,32026,0,231,8906,16,1155,26084,25719,0,111,11253,12,1155,26842,27747,0,231,11253,12,1155,19527,24001,968,111,11380,11,1155,20285,26029,968,231,11380,11
0.0,5724,5291,6223,7842,88,4720,6,5712,6391,4888,2646,88,4808,7,5712,6391,3861,2646,88,4808,7,5603,3202,5902,1954,101,3730,8,4655,4898,3698,1122,88,4007,6,5603,3103,4882,0,122,2158,10
0.0,26644,1843,1593,25608,362,8067,-30,14865,1757,885,13974,362,6349,-26,15873,1757,885,13091,362,5862,-27,12000,1757,885,12362,381,5862,-27,12556,1757,885,12362,434,6514,-31,8844,802,885,10880,471,7001,-31
0.0,17062,3297,2756,25919,394,4403,-17,8672,2196,1872,18298,387,4887,-14,9531,2196,843,18298,387,5371,-14,6442,1395,1872,17188,387,3866,-15,7301,1395,843,17188,387,4350,-15,5188,1395,843,10988,349,2516,-15
0.0,76586,0,1868,77688,24,21974,-56,52714,0,1868,59322,51,17814,-41,55303,0,1868,61529,55,19344,-45,43612,0,1868,48807,24,16340,-46,45661,0,1868,47981,24,16340,-47,34039,0,1868,45144,55,14974,-43
1.0,2353,29749,34998,1727,31,14624,18,1122,27677,29199,793,37,12718,17,1122,24763,22898,793,37,12718,16,1122,24763,24751,0,40,12135,21,2353,20097,21119,934,34,15174,17,2353,20097,22364,0,40,16604,17
1.0,3511,12366,8442,3247,12,7439,0,2369,11709,7934,2167,62,11378,-5,2369,10315,6578,2167,66,10728,-6,2369,10315,6578,1356,66,10030,-6,2369,10315,5330,1356,66,11984,-7,2369,10315,6138,1356,173,11984,-5
0.0,23597,0,885,24636,10,9285,-18,13594,938,885,18050,11,7810,-18,14544,938,885,18050,11,7810,-25,12301,2043,885,12580,16,6681,-25,12240,938,885,12542,19,6617,-29,8571,938,885,8868,122,6315,-22
1.0,3865,31513,33224,1174,6,10076,22,1948,26015,30253,0,6,11839,22,1948,17083,25466,0,8,12468,12,1948,17083,27528,0,8,12468,13,1948,16000,23283,0,24,11906,12,1948,16936,24450,0,24,11906,13
0.0,14941,6433,7924,11904,28,6343,-6,5285,3290,9002,5110,32,7106,-5,6087,3321,4626,5041,53,7115,4,4402,2452,9002,3057,131,7603,-8,4402,2452,6849,3057,189,7603,-5,4402,2452,6849,1336,189,7603,-4
