9389,0,16541,0,9274,0,29650,0,14904,0,29000,0,6310,0,12434,0,7986,0,15220,0,7399,0,5780,0,7944,0,17360,0,19282,0,20435,0,17384,0,17870,0,6671,0,16021,0,4517,0,7615,0,2909,0,10214,0,5266,0,16705,0,31721,0,16959,0,8437,0,14550,0,7930,0,7825,0,11939,0,994,0,14875,0,17564,0,12919,0,12079,0,27510,0,11963,0,33098,0,20596,0,23231,0,16507,0,22098,0,9621,0,10661,0,6399,0,13636,0,5863,0,17674,0,17927,0,15977,0,11751,0,6411,0,18829,0,13183,0,12698,0,22207,0,9595,0,15100,0,12431,0,6978,0,12667,0,5863,0,20390,0,18985,0,8050,0,12954,0,14875,0,12439,0,23710,0,14931,0,9822,0,23109,0,18238,0,8695,0,11719,0,16596,0,22047,0,20544,0,9476,0,11152,0,18270,0,13951,0,22765,0,8593,0,10073,0,4209,0,12676,0,16903,0,11441,0,19054,0,12965,0,26092,0,12215,0,11409,0,20654,0,25247,0,22362,0,20721,0,15704,0,10050,0,7594,0,8119,0,7408,0,21177,0,4798,0,301,0,5868,0,6525,0,17576,0,10712,0,11497,0,19155,0,6379,0,13845,0,11615,0,12040,0,5713,0,10141,0,20305,0,12417,0,3572,0,10810,0,12551,0,26660,0,9635,0,11181,0,14124,0,4645,0,8040,0,14404,0,10494,0,8456,0,5514,0,10715,0,19842,0,10323,0,9775,0,22735,0,8200,0,5668,0,9977,0,14841,0,21036,0,16647,0,13361,0,17668,0,22807,0,5794,0,12632,0,8236,0,11640,0,9724,0,24749,0,22416,0,14768,0,10285,0,15258,0,15030,0,4392,0,4098,0,12924,0,14601,0,3287,0,15148,0,25151,0,15195,0,13167,0,29839,0,25626,0,16376,0,6623,0,4942,0,16772,0,10236,0,12458,0,12286,0,24156,0,20949,0,31944,0,11886,0,7793,0,13909,0,10340,0,15937,0,12531,0,13810,0,3791,0,5417,0,26550,0,13259,0,5943,0,19129,0,15859,0,17570,0,13004,0,13576,0,13919,0,11211,0,7399,0,19185,0,14701,0,4475,0,14835,0,7098,0,17681,0,9958,0,6585,0,13923,0,18444,0,10385,0,15773,0,9416,0,21152,0,8428,0,7806,0,27076,0,28816,0,27388,0,12047,0,24164,0,14642,0,12980,0,22888,0,15692,0,14219,0,9850,0,17664,0,26620,0,10076,0,12372,0,18646,0,15838,0,23803,0,15619,0,25494,0,10952,0,10576,0,13895,0,8966,0,7508,0,12450,0,10685,0,7195,0,20426,0,7778,0,20295,0,6186,0,27326,0,9035,0,15171,0,9628,0,15850,0,3072,0,11849,0,12171,0,13611,0,16323,0,14641,0,23374,0,8548,0,12353,0,21359,0,14988,0,8464,0,19969,0,13705,0,20071,0,19143,0,13929,0,10795,0,11162,0,16054,0,20045,0,7804,0,15016,0,14257,0,23234,0,14339,0,23409,0,14792,0,12562,0,12082,0,3336,0,19129,0,25939,0,10077,0,29700,0,9632,0,17331,0,15702,0,4818,0,13182,0,17159,0,15149,0,41179,0,18628,0,12993,0,17555,0,11001,0,11031,0,6844,0,8142,0,9706,0,13182,0,14976,0,13109,0,9423,0,14450,0,20126,0,9508,0,11906,0,9822,0,10541,0,17841,0,10010,0,13909,0,26810,0,20891,0,7418,0,10562,0,13024,0,10501,0,9772,0,10507,0,10182,0,9799,0,1515,0,18527,0,12439,0,13051,0,11620,0,10004,0,21105,0,17939,0,6689,0,12596,0,8343,0,11319,0,3669,0,17927,0,12724,0,13223,0,19163,0,8050,0,4613,0,13171,0,18537,0,37023,0,24641,0,22924,0,15188,0,27167,0,27652,0,20508,0,17467,0,8026,0,10715,0,9422,0,24577,0,17371,0,9748,0,20891,0,7113,0,13381,0,17108,0,14988,0,12223,0,23066,0,10135,0,9664,0,21125,0,8514,0,13444,0,13285,0,17433,0,12729,0,8740,0,12467,0,10335,0,14362,0,12419,0,6303,0,15339,0,16758,0,9159,0,24705,0,4632,0,7119,0,25029,0,7634,0,16884,0,11364,0,6260,0,16914,0,12884,0,1080,0,14554,0,15286,0,17352,0,13071,0,19658,0,17430,0,19994,0,6265,0,15357,0,26380,0,9139,0,11951,0,11286,0,22278,0,9164,0,13635,0,5612,0,9712,0,23953,0,19087,0,4905,0,13498,0,9401,0,8018,0,3110,0,16478,0,17071,0,14489,0,9668,0,26132,0,12086,0,7482,0,9444,0,19208,0,19475,0,5791,0,26673,0,17538,0,7035,0,1397,0,6653,0,8667,0,35057,0,14149,0,10507,0,17976,0,15060,0,25394,0,3139,0,12533,0,22917,0,6357,0,17077,0,9748,0,14978,0,15363,0,17566,0,24471,0,2603,0,7496,0,3512,0,13951,0,8971,0,14196,0,27538,0,22576,0,6243,0,26529,0,8892,0,17057,0,22511,0,12626,0,4916,0,5471,0,13197,0,18184,0,30406,0,9538,0,11148,0,14302,0,26692,0,1609,0,12677,0,11991,0,20544,0,2928,0,11032,0,4902,0,7852,0,23426,0,9740,0,5033,0,4082,0,15723,0,7135,0,6675,0,24412,0,10490,0,6743,0,20883,0,22842,0,
24408,0,12246,0,25370,0,15798,0,7852,0,17364,0,19754,0,17543,0,8245,0,31141,0,23225,0,14456,0,32232,0,9911,0,19083,0,16641,0,8941,0,13380,0,26054,0,15236,0,7857,0,12571,0,7074,0,25235,0,33602,0,27342,0,16421,0,12881,0,14989,0,26256,0,23263,0,36940,0,14704,0,4178,0,10550,0,23541,0,10221,0,10712,0,15425,0,19628,0,15803,0,20919,0,8462,0,29464,0,10869,0,8522,0,10846,0,15092,0,10154,0,15098,0,10095,0,17788,0,19728,0,11820,0,4442,0,11873,0,12467,0,9097,0,23066,0,7710,0,8370,0,17816,0,16800,0,24161,0,11095,0,8111,0,4558,0,25763,0,27578,0,15260,0,35234,0,12928,0,30571,0,9148,0,8684,0,12126,0,19417,0,16271,0,24776,0,15250,0,23090,0,14133,0,11560,0,10292,0,12124,0,18621,0,16783,0,9955,0,12514,0,12340,0,5679,0,21881,0,11864,0,3503,0,19316,0,12881,0,23263,0,10137,0,25978,0,7896,0,14093,0,7916,0,33613,0,23131,0,0,0,47953,0,14403,0,13564,0,19709,0,14114,0,25309,0,12028,0,20224,0,12585,0,30015,0,11692,0,31265,0,8321,0,7042,0,21812,0,15610,0,8400,0,31651,0,10232,0,2716,0,34705,0,23965,0,15708,0,10545,0,35568,0,45003,0,20857,0,20923,0,17573,0,16749,0,20098,0,9213,0,27893,0,30356,0,3652,0,5027,0,26694,0,25837,0,20789,0,21370,0,8239,0,22838,0,9472,0,13155,0,13922,0,10819,0,15695,0,18292,0,8939,0,15719,0,35045,0,30752,0,19508,0,8154,0,7819,0,22643,0,20825,0,20796,0,10110,0,18255,0,17837,0,19658,0,17540,0,11426,0,11677,0,8791,0,12210,0,7482,0,13411,0,22161,0,15938,0,19724,0,20094,0,39805,0,36337,0,8356,0,13540,0,13405,0,6871,0,25768,0,22032,0,33790,0,14678,0,20624,0,11431,0,15637,0,10014,0,22601,0,29424,0,16420,0,28783,0,26417,0,29138,0,11754,0,21654,0,12586,0,16707,0,46590,0,21822,0,10016,0,40032,0,20650,0,26439,0,2917,0,0,0,12347,0,873,0,13776,0,26429,0,10449,0,13002,0,24177,0,14470,0,20580,0,18518,0,19245,0,12163,0,7357,0,17621,0,25419,0,15941,0,23723,0,22828,0,23913,0,16885,0,12804,0,3008,0,21871,0,22628,0,23188,0,21132,0,11970,0,4483,0,18635,0,24888,0,9423,0,21070,0,26286,0,41009,0,34940,0,9968,0,9059,0,20196,0,15717,0,2744,0,12687,0,34357,0,13337,0,19161,0,32981,0,22859,0,16372,0,7796,0,10755,0,9095,0,15870,0,27449,0,10664,0,11184,0,15255,0,10825,0,23080,0,5755,0,35260,0,17061,0,26105,0,22016,0,21752,0,14015,0,17578,0,15454,0,28063,0,17755,0,3088,0,22865,0,18445,0,28393,0,20985,0,20481,0,21394,0,1800,0,13650,0,20457,0,21574,0,13270,0,27120,0,44800,0,18079,0,15745,0,20747,0,24841,0,12460,0,10041,0,20821,0,21931,0,26010,0,21395,0,8704,0,17116,0,20637,0,29525,0,22758,0,6927,0,32748,0,18027,0,20439,0,17320,0,2673,0,26578,0,15694,0,25087,0,22749,0,35116,0,20972,0,30400,0,36896,0,10561,0,11141,0,8498,0,26417,0,13938,0,5924,0,32094,0,21680,0,4206,0,10184,0,7154,0,13439,0,17322,0,9046,0,18860,0,28487,0,24274,0,3479,0,18598,0,14516,0,40179,0,17210,0,11097,0,7689,0,33141,0,12056,0,33813,0,1425,0,10605,0,21503,0,9172,0,4918,0,20399,0,26913,0,18304,0,7336,0,39081,0,20609,0,9929,0,15770,0,40846,0,10288,0,30121,0,28072,0,12965,0,12921,0,18590,0,25572,0,24505,0,11910,0,30402,0,18375,0,26874,0,20207,0,15007,0,4519,0,18452,0,7814,0,14984,0,24686,0,24847,0,14281,0,15935,0,5396,0,17879,0,11991,0,16437,0,19054,0,12662,0,28343,0,15166,0,13601,0,10907,0,37348,0,19271,0,14282,0,12403,0,13963,0,19854,0,15611,0,29503,0,14537,0,32355,0,15140,0,16753,0,11122,0,13656,0,23683,0,9458,0,12881,0,12274,0,19466,0,11305,0,16890,0,18396,0,28119,0,3721,0,13376,0,16934,0,20385,0,11471,0,25339,0,21531,0,9561,0,10721,0,12384,0,13932,0,13069,0,98788,0,25963,0,8187,0,22886,0,24657,0,8898,0,23767,0,20514,0,13480,0,30600,0,16966,0,22036,0,24098,0,16013,0,18575,0,16803,0,35326,0,49439,0,38174,0,22537,0,16856,0,6830,0,12826,0,40740,0,9198,0,10472,0,23592,0,9278,0,22043,0,25261,0,17147,0,19243,0,31226,0,11021,0,9569,0,22334,0,28623,0,6538,0,33346,0,12116,0,12366,0,29437,0,16263,0,25109,0,20552,0,15223,0,9569,0,2540,0,22533,0,18666,0,11959,0,21651,0,16182,0,5835,0,10138,0,5597,0,11996,0,27211,0,28801,0,12837,0,22657,0,8284,0,31203,0,19354,0,31945,0,23324,0,19719,0,14298,0,24543,0,15999,0,31746,0,
5311,0,4316,0,14674,0,1731,0,5754,0,5528,0,6073,0,3421,0,2551,0,1443,0,2154,0,0,0,4378,0,1314,0,7311,0,4626,0,328,0,2389,0,1673,0,7591,0,15099,0,3485,0,4962,0,745,0,8874,0,6151,0,13995,0,2298,0,5254,0,10597,0,904,0,3053,0,3831,0,4487,0,10154,0,15912,0,7531,0,3561,0,914,0,0,0,22659,0,919,0,10817,0,6185,0,4821,0,1265,0,10559,0,0,0,4438,0,10161,0,2138,0,4939,0,10339,0,10166,0,5916,0,2759,0,12884,0,14722,0,2001,0,5217,0,6355,0,1331,0,7451,0,0,0,6704,0,3789,0,4758,0,2857,0,7497,0,6994,0,3708,0,654,0,6320,0,9346,0,1927,0,9458,0,1986,0,4689,0,0,0,4112,0,6775,0,1063,0,6619,0,5738,0,770,0,3780,0,72668,0,619,0,5723,0,2070,0,3168,0,5355,0,1256,0,3543,0,0,0,2118,0,8860,0,5970,0,5320,0,9373,0,4484,0,4076,0,3560,0,2923,0,5035,0,2075,0,3948,0,4688,0,5208,0,327,0,1852,0,1351,0,1734,0,12211,0,4363,0,3409,0,11491,0,2021,0,1679,0,2990,0,2411,0,11908,0,7647,0,14826,0,1148,0,2435,0,4805,0,6698,0,2258,0,4399,0,5406,0,22466,0,6333,0,3942,0,995,0,2567,0,821,0,4400,0,2061,0,7838,0,4431,0,18006,0,4216,0,8608,0,1201,0,11927,0,3955,0,2010,0,2667,0,6851,0,1956,0,2214,0,7800,0,4381,0,1808,0,10990,0,5393,0,6609,0,3484,0,4107,0,16414,0,7424,0,2479,0,1901,0,4391,0,2545,0,47440,0,4432,0,323,0,5126,0,2664,0,2499,0,48373,0,0,0,6219,0,1242,0,15183,0,4587,0,6350,0,13229,0,16320,0,2790,0,5038,0,4177,0,7639,0,1560,0,6992,0,2395,0,0,0,7710,0,0,0,5222,0,4466,0,2974,0,5667,0,8667,0,4461,0,2900,0,2075,0,0,0,16080,0,8995,0,7445,0,2834,0,0,0,1408,0,5152,0,3392,0,3223,0,4196,0,3249,0,3796,0,3564,0,6657,0,14464,0,0,0,2526,0,11344,0,12571,0,6366,0,1331,0,991,0,3019,0,1664,0,3367,0,8788,0,3335,0,1714,0,7903,0,8979,0,774,0,1437,0,6167,0,2368,0,3410,0,3371,0,35320,0,2258,0,1029,0,1719,0,5808,0,5520,0,2854,0,10285,0,3765,0,2578,0,11063,0,0,0,16324,0,1958,0,1497,0,3439,0,17530,0,0,0,624,0,556,0,4574,0,660,0,2498,0,2932,0,4250,0,7883,0,6513,0,406,0,3791,0,6134,0,3892,0,2651,0,118937,0,6927,0,5482,0,0,0,7202,0,3550,0,2163,0,3473,0,2855,0,7365,0,11718,0,3485,0,889,0,1495,0,22122,0,6937,0,5288,0,2587,0,1378,0,3812,0,4485,0,0,0,3730,0,2466,0,2222,0,1706,0,11353,0,4903,0,4140,0,10642,0,0,0,3250,0,4730,0,8321,0,3319,0,1532,0,20457,0,1222,0,4403,0,6140,0,2276,0,0,0,1416,0,11132,0,4060,0,2840,0,13805,0,6129,0,2345,0,0,0,24149,0,2227,0,2438,0,1125,0,3247,0,3032,0,5647,0,5079,0,706,0,6175,0,11607,0,70167,0,7689,0,2210,0,3567,0,4086,0,7141,0,7510,0,4272,0,2879,0,1799,0,3233,0,10164,0,12152,0,3216,0,24782,0,8173,0,3898,0,1327,0,4858,0,2796,0,5771,0,3427,0,11019,0,13337,0,5866,0,7273,0,13344,0,3958,0,1516,0,51,0,4193,0,0,0,1774,0,16802,0,16506,0,20409,0,8576,0,2381,0,5053,0,8500,0,7910,0,2567,0,3440,0,4124,0,3459,0,5229,0,5977,0,2346,0,2569,0,2132,0,125,0,0,0,9028,0,4094,0,2788,0,4036,0,845,0,2248,0,2499,0,2904,0,4835,0,5682,0,9712,0,7277,0,4617,0,1132,0,8625,0,2557,0,9749,0,1409,0,2591,0,8001,0,2443,0,1112,0,5493,0,3390,0,1948,0,9042,0,2176,0,0,0,1379,0,5263,0,6097,0,5489,0,2005,0,8897,0,3236,0,1058,0,1584,0,6630,0,9712,0,5373,0,43593,0,4467,0,77,0,5304,0,1825,0,4549,0,8554,0,2803,0,15851,0,9967,0,3390,0,0,0,2845,0,22120,0,1505,0,689,0,9499,0,11656,0,5748,0,4703,0,1990,0,9373,0,4508,0,2155,0,2215,0,18857,0,2467,0,5096,0,3506,0,6503,0,4162,0,4401,0,2535,0,17804,0,2040,0,2435,0,2300,0,761,0,2870,0,11480,0,8064,0,7210,0,3582,0,1450,0,9051,0,5333,0,5535,0,314,0,2524,0,3378,0,3315,0,6396,0,5318,0,4812,0,13409,0,5080,0,5591,0,13287,0,1442,0,1764,0,0,0,3479,0,4285,0,3737,0,13998,0,4452,0,13542,0,3537,0,4609,0,10874,0,1113,0,5116,0,3278,0,3587,0,5119,0,3759,0,9682,0,2735,0,3075,0,
0,24629,0,17719,0,18627,0,11677,0,24310,0,28311,0,27688,0,19627,0,12025,0,18919,0,29835,0,36632,0,43180,0,11091,0,10865,0,13900,0,28789,0,5827,0,15243,0,7550,0,54777,0,22118,0,35666,0,19689,0,11580,0,12687,0,25104,0,22185,0,32498,0,27724,0,17517,0,17745,0,4563,0,19097,0,33322,0,16604,0,8546,0,18416,0,9033,0,20951,0,36072,0,14931,0,22634,0,12368,0,15867,0,33108,0,27225,0,12503,0,32575,0,20777,0,58533,0,24125,0,27806,0,13629,0,37409,0,18755,0,14535,0,9634,0,19231,0,18197,0,33576,0,14969,0,11967,0,3802,0,12232,0,22824,0,19022,0,9381,0,19196,0,12603,0,11151,0,17706,0,19305,0,29543,0,18681,0,27850,0,6164,0,34597,0,9445,0,6615,0,16174,0,28625,0,13025,0,19684,0,12677,0,27608,0,6441,0,12045,0,8696,0,14482,0,37742,0,18343,0,19318,0,9564,0,14229,0,30672,0,12928,0,17195,0,44462,0,2568,0,28878,0,26172,0,26785,0,17257,0,6352,0,20061,0,35567,0,11932,0,24567,0,31787,0,29947,0,22319,0,29564,0,9918,0,12139,0,23868,0,15676,0,11091,0,18541,0,19429,0,27704,0,28788,0,16335,0,14601,0,17650,0,18895,0,33281,0,9060,0,13198,0,19896,0,12812,0,42120,0,11986,0,20015,0,26023,0,14804,0,24743,0,41162,0,21248,0,34160,0,14992,0,15464,0,12448,0,5706,0,25905,0,26731,0,11355,0,22976,0,17867,0,23497,0,6966,0,30844,0,15686,0,17377,0,27417,0,14198,0,22792,0,40865,0,33719,0,36221,0,4094,0,25746,0,23252,0,19378,0,29064,0,15461,0,880,0,22731,0,3821,0,40245,0,29329,0,11036,0,27415,0,24454,0,34436,0,22135,0,25509,0,32079,0,27625,0,12322,0,26631,0,23263,0,3628,0,29149,0,10879,0,14246,0,20135,0,34328,0,25873,0,37825,0,22407,0,20124,0,21972,0,28872,0,19194,0,21497,0,25677,0,22554,0,9046,0,19735,0,12281,0,13059,0,19533,0,18192,0,27753,0,9260,0,17510,0,11272,0,37886,0,3148,0,37607,0,12333,0,22393,0,14898,0,18596,0,22188,0,15666,0,19562,0,18779,0,18122,0,28269,0,25698,0,11186,0,30978,0,16661,0,27359,0,30034,0,8864,0,9601,0,9692,0,31202,0,14323,0,22216,0,32337,0,11869,0,34103,0,14233,0,1262,0,22634,0,27450,0,30970,0,31548,0,38754,0,22767,0,27061,0,20787,0,2750,0,14538,0,26366,0,53193,0,22578,0,10746,0,8184,0,22348,0,21736,0,13301,0,16059,0,24785,0,25659,0,8802,0,9408,0,22801,0,20541,0,3844,0,24395,0,23993,0,39787,0,38460,0,22150,0,26177,0,14591,0,12242,0,16222,0,20269,0,23794,0,21295,0,15334,0,18653,0,4663,0,18511,0,6266,0,12649,0,13828,0,14099,0,7209,0,23075,0,17665,0,26544,0,4855,0,17737,0,22330,0,27435,0,16808,0,12745,0,19086,0,21412,0,49752,0,17691,0,32816,0,18512,0,35805,0,15575,0,31543,0,17596,0,16204,0,21993,0,15916,0,23277,0,29598,0,16037,0,11127,0,10415,0,17652,0,15228,0,0,0,14935,0,15371,0,20549,0,18461,0,26293,0,15346,0,7037,0,19673,0,26209,0,14038,0,7870,0,8824,0,17919,0,17071,0,9053,0,22789,0,27252,0,16588,0,18152,0,26950,0,30672,0,22336,0,13096,0,8049,0,21770,0,24012,0,18000,0,9239,0,18557,0,17235,0,18536,0,31713,0,17960,0,33273,0,14942,0,42043,0,14364,0,23380,0,10109,0,27587,0,55670,0,6834,0,19579,0,20935,0,25855,0,14729,0,41183,0,15279,0,25619,0,26488,0,29267,0,20793,0,7684,0,33402,0,2581,0,12115,0,29761,0,26096,0,7262,0,12470,0,15130,0,17263,0,17837,0,18694,0,20358,0,20347,0,17544,0,8066,0,38907,0,17408,0,13876,0,30398,0,24821,0,20646,0,30414,0,21033,0,11259,0,11447,0,12695,0,18167,0,30614,0,26664,0,23031,0,19600,0,41464,0,9633,0,28328,0,20907,0,27097,0,10725,0,17169,0,17471,0,10569,0,24976,0,8096,0,33042,0,21101,0,18099,0,11257,0,35674,0,23128,0,26739,0,19862,0,17315,0,18631,0,16264,0,26463,0,10074,0,38235,0,35069,0,14431,0,26402,0,10499,0,27226,0,11915,0,9638,0,28799,0,19723,0,18532,0,40019,0,29818,0,22434,0,12059,0,21968,0,24851,0,29877,0,27973,0,32489,0,8807,0,10503,0,8631,0,15020,0,12117,0,19331,0,33405,0,28821,0,21031,0,11481,0,30099,0,19741,0,22391,0,14121,0,22945,0,9474,0,22979,0,13266,0,6488,0,18054,0,24733,0,15500,0,12916,0,21763,0,18954,0,12427,0,11119,0,42328,0,17148,0,14261,0,21469,0,8719,0,23280,0,19707,0,17704,0,7246,0,33629,0,15979,0,27603,0,6308,0,9394,0,11588,0,14896,0,17794,0,17325,0,35021,0,30609,0,13772,0,14864,0,22874,0,16646,0,15640,0,13389,0,17429,0,10403,0,14068,0,29673,
0,23266,0,26305,0,10631,0,9872,0,12378,0,16975,0,7125,0,23076,0,21010,0,17424,0,17271,0,7880,0,4445,0,21275,0,6900,0,9884,0,16043,0,8696,0,16096,0,18604,0,8770,0,18502,0,13192,0,3973,0,29042,0,15242,0,13235,0,17329,0,17511,0,14789,0,7315,0,7532,0,15123,0,29774,0,14504,0,14367,0,15348,0,13907,0,23056,0,2596,0,4686,0,4829,0,18448,0,4708,0,8556,0,12990,0,10989,0,6820,0,26489,0,6823,0,10922,0,26045,0,19691,0,20069,0,8166,0,15318,0,8993,0,16729,0,11909,0,16950,0,13020,0,14670,0,19429,0,19798,0,10468,0,11216,0,11121,0,15967,0,44704,0,11361,0,12177,0,20579,0,12441,0,14457,0,21816,0,20610,0,27843,0,22963,0,7825,0,13878,0,16163,0,14590,0,15207,0,13705,0,19585,0,15410,0,15449,0,9575,0,29737,0,26072,0,8211,0,17393,0,21572,0,3895,0,14359,0,6014,0,7487,0,16045,0,21991,0,19089,0,19651,0,11855,0,8862,0,14853,0,2038,0,23221,0,8964,0,20121,0,18988,0,14846,0,10829,0,21999,0,9819,0,15083,0,19826,0,17421,0,30795,0,15541,0,33917,0,24249,0,33441,0,9654,0,4930,0,13242,0,20469,0,12917,0,6183,0,25972,0,14964,0,22179,0,14387,0,11232,0,6445,0,18524,0,22255,0,12713,0,4590,0,17589,0,17737,0,22634,0,16068,0,6936,0,11953,0,10985,0,20347,0,23033,0,17868,0,7966,0,24625,0,16799,0,36163,0,9284,0,11263,0,10422,0,29019,0,14408,0,17475,0,15872,0,18023,0,10568,0,31648,0,13648,0,16125,0,15918,0,10043,0,13260,0,15685,0,21994,0,15965,0,28504,0,9360,0,20361,0,15668,0,22288,0,14301,0,11007,0,9120,0,16347,0,7831,0,13857,0,5024,0,12659,0,12162,0,39223,0,23984,0,15783,0,13634,0,15184,0,20344,0,16824,0,4307,0,18898,0,27154,0,15753,0,5374,0,11291,0,18083,0,13528,0,10723,0,9581,0,9962,0,17984,0,24512,0,25798,0,18313,0,24973,0,15405,0,22597,0,7000,0,12210,0,15070,0,28325,0,11745,0,7442,0,8731,0,14700,0,8068,0,23437,0,18200,0,4715,0,18978,0,12406,0,9818,0,25486,0,12297,0,22142,0,17626,0,8023,0,15914,0,24536,0,23152,0,27656,0,20272,0,10907,0,8855,0,18621,0,21617,0,24869,0,12819,0,20148,0,9072,0,9057,0,11650,0,15995,0,5099,0,16474,0,15854,0,15938,0,4603,0,9830,0,10757,0,20335,0,19900,0,3340,0,6088,0,10752,0,11856,0,10265,0,7798,0,27211,0,18775,0,21418,0,14303,0,18081,0,8835,0,19346,0,5233,0,8010,0,4710,0,5234,0,19426,0,21774,0,5628,0,14169,0,15034,0,19880,0,18182,0,14659,0,14899,0,10345,0,25006,0,36685,0,11768,0,7918,0,10834,0,19003,0,8554,0,14182,0,27704,0,11953,0,17659,0,7578,0,13743,0,17191,0,9599,0,17551,0,19659,0,2370,0,15236,0,35741,0,23713,0,18612,0,19336,0,14494,0,3303,0,19661,0,8383,0,4708,0,16535,0,12386,0,9425,0,18038,0,6961,0,18108,0,17921,0,18466,0,2922,0,10771,0,25522,0,16200,0,19022,0,10091,0,15948,0,23147,0,19109,0,8519,0,0,0,14093,0,16135,0,30199,0,11960,0,31216,0,23527,0,10696,0,11988,0,7434,0,18056,0,10299,0,7612,0,21165,0,31554,0,24464,0,16955,0,7331,0,25396,0,13628,0,15825,0,16375,0,26796,0,8824,0,5974,0,15273,0,13329,0,7984,0,9366,0,6390,0,14655,0,14332,0,8872,0,19618,0,7712,0,33413,0,32207,0,17645,0,26351,0,11798,0,19122,0,7123,0,16373,0,23282,0,10050,0,22069,0,14714,0,22124,0,13717,0,18894,0,4871,0,16003,0,9828,0,21521,0,10574,0,8381,0,14947,0,9070,0,21045,0,11748,0,15699,0,11931,0,4520,0,11458,0,11263,0,22300,0,8434,0,3391,0,6782,0,6948,0,12443,0,18745,0,20229,0,12203,0,15857,0,25603,0,22098,0,15996,0,6936,0,8993,0,25409,0,6317,0,22186,0,21980,0,7204,0,29301,0,26827,0,16626,0,9694,0,17042,0,21449,0,12495,0,19679,0,5969,0,33747,0,6017,0,14763,0,13166,0,7735,0,23128,0,10146,0,24121,0,24791,0,22346,0,9891,0,5766,0,11231,0,20977,0,8459,0,13248,0,11606,0,20735,0,19136,0,7800,0,12246,0,11206,0,9507,0,14668,0,9026,0,27930,0,16033,0,27354,0,6535,0,10746,0,16217,0,18854,0,20859,0,27813,0,22355,0,9312,0,21532,0,7297,0,14272,0,6121,0,17361,0,15440,0,2953,0,19405,0,6335,0,27086,0,13520,0,26925,0,7132,0,14648,0,17644,0,19434,0,26451,0,5444,0,14624,0,13600,0,31053,0,16085,0,14436,0,6629,0,10893,0,22729,0,5329,0,16297,0,20750,0,13952,0,12715,0,21272,0,32231,0,12510,0,15427,0,25932,0,20559,0,3884,0,18392,0,9018,0,8824,0,13556,0,20259,0,19347,
0,21214,0,10030,0,15162,0,25804,0,12104,0,11788,0,16662,0,972,0,5535,0,36085,0,2657,0,21796,0,0,0,2913,0,5017,0,16789,0,9665,0,0,0,30830,0,25190,0,12056,0,13174,0,12693,0,6132,0,0,0,12512,0,11120,0,26358,0,16426,0,22349,0,38485,0,19408,0,2315,0,15678,0,11214,0,28771,0,29841,0,14243,0,11773,0,3303,0,51993,0,30880,0,21555,0,21657,0,33281,0,8627,0,19802,0,20374,0,10510,0,34104,0,32161,0,14295,0,12510,0,17765,0,19939,0,9865,0,13199,0,22951,0,6057,0,25978,0,30970,0,0,0,31976,0,15531,0,16275,0,23817,0,4948,0,3445,0,36664,0,5858,0,20909,0,21702,0,23251,0,7124,0,18802,0,7765,0,5752,0,4674,0,22508,0,3897,0,14071,0,16435,0,16292,0,11523,0,34763,0,21360,0,3325,0,9250,0,11975,0,15453,0,4869,0,23356,0,17160,0,21876,0,33522,0,15690,0,32352,0,8441,0,1614,0,21995,0,11006,0,5633,0,10661,0,34342,0,3913,0,7165,0,19229,0,21958,0,7773,0,20537,0,22438,0,12616,0,25400,0,6513,0,8864,0,548,0,6867,0,2805,0,19375,0,15019,0,10218,0,4253,0,23837,0,15451,0,7558,0,11094,0,19148,0,33483,0,0,0,20319,0,116,0,1285,0,18077,0,15840,0,12815,0,18059,0,18549,0,6715,0,8557,0,21203,0,4061,0,16734,0,10707,0,8061,0,4488,0,14414,0,14389,0,28158,0,21496,0,17331,0,36317,0,11508,0,4745,0,18294,0,45248,0,10953,0,19935,0,20522,0,12419,0,10993,0,5212,0,11399,0,12313,0,15306,0,16251,0,20250,0,4634,0,15788,0,9914,0,8907,0,14003,0,13537,0,55168,0,5406,0,9358,0,16168,0,24899,0,32610,0,8137,0,6821,0,5525,0,14260,0,4480,0,36077,0,29166,0,8389,0,20588,0,12834,0,38707,0,27752,0,19327,0,4605,0,13269,0,29001,0,8508,0,23403,0,15734,0,23285,0,20779,0,24504,0,17397,0,23176,0,26385,0,32465,0,10400,0,35810,0,21943,0,10368,0,34006,0,6461,0,8861,0,13909,0,14399,0,12775,0,20496,0,13165,0,17895,0,6421,0,5857,0,14863,0,33411,0,14867,0,9939,0,32613,0,7964,0,11738,0,10070,0,20313,0,18289,0,19870,0,18612,0,13592,0,18638,0,10015,0,22969,0,23797,0,22212,0,12293,0,25228,0,26543,0,4136,0,24536,0,23269,0,9361,0,10429,0,6834,0,50073,0,13295,0,24834,0,47098,0,10565,0,15638,0,19675,0,2436,0,29670,0,14853,0,7041,0,7096,0,7500,0,41108,0,6107,0,9459,0,27530,0,3986,0,5719,0,31728,0,17243,0,17712,0,22475,0,35765,0,20757,0,22667,0,17628,0,16949,0,6259,0,11092,0,15767,0,10162,0,15804,0,22403,0,12487,0,24579,0,24285,0,3983,0,24600,0,27171,0,12850,0,6484,0,28431,0,16765,0,4474,0,34734,0,12538,0,32212,0,25006,0,884,0,8451,0,25353,0,27436,0,16487,0,16152,0,38436,0,19630,0,6867,0,5136,0,3967,0,15681,0,18963,0,7283,0,24016,0,7890,0,31099,0,10073,0,12539,0,12229,0,10384,0,9723,0,0,0,4294,0,23596,0,13898,0,4785,0,8071,0,30912,0,23211,0,27147,0,32775,0,24097,0,8584,0,33366,0,13241,0,29824,0,13225,0,14082,0,26551,0,309,0,7654,0,18862,0,20448,0,18851,0,13203,0,23222,0,23683,0,11740,0,11078,0,2770,0,13330,0,22619,0,14745,0,27599,0,22498,0,7787,0,17327,0,11869,0,5749,0,21992,0,15056,0,2693,0,23700,0,20120,0,27381,0,28361,0,8102,0,8285,0,56893,0,19753,0,11741,0,11526,0,9189,0,3565,0,9538,0,34100,0,39847,0,14562,0,17880,0,25484,0,7340,0,3245,0,13070,0,31001,0,8817,0,26572,0,46990,0,54246,0,9530,0,30273,0,7744,0,33246,0,30203,0,9927,0,5623,0,20478,0,18965,0,9216,0,10201,0,20347,0,9450,0,10085,0,28907,0,23686,0,73559,0,15230,0,20956,0,2009,0,3742,0,14880,0,8738,0,17639,0,12490,0,3951,0,9430,0,37933,0,3895,0,10450,0,33866,0,11659,0,31799,0,6341,0,9995,0,3537,0,34450,0,28206,0,27200,0,19557,0,9558,0,33296,0,13989,0,16295,0,71,0,14985,0,1238,0,18697,0,16118,0,7204,0,11837,0,20137,0,15071,0,316,0,19438,0,33204,0,24380,0,13042,0,10851,0,31844,0,29979,0,29468,0,17084,0,13573,0,8512,0,3858,0,25927,0,24126,0,25214,0,5339,0,9475,0,13779,0,11195,0,11847,0,14710,0,8938,0,20320,0,10594,0,17525,0,16338,0,13064,0,5936,0,6401,0,30775,0,33841,0,11227,0,12761,0,3659,0,16852,0,15089,0,9057,0,18421,0,27734,0,23985,0,15439,0,4206,0,2696,0,19130,0,7893,0,12370,0,14001,0,10873,0,6327,0,24915,0,19778,0,52709,0,8959,0,26648,0,11260,0,19618,0,25324,0,44425,0,29121,0,3239,0,12926,0,5618,
1067,970,1233,1185,1420,677,912,865,998,1188,1146,891,1309,719,934,1033,629,1188,1090,698,810,1219,925,955,976,1041,892,537,766,733,953,596,1052,835,1184,680,896,1112,1180,662,730,997,784,791,991,1154,1027,916,659,955,1201,901,925,919,1179,735,800,764,1334,1063,1445,980,1030,705,1127,986,1130,834,1041,1279,1259,961,1454,828,787,795,920,604,1015,692,1158,646,1153,850,994,699,1022,746,971,899,940,944,1186,714,939,912,612,864,1068,838,1107,988,1536,1341,1210,1083,847,695,955,1064,746,574,1077,1031,1278,694,1077,1158,605,1202,922,1190,761,928,762,707,657,1104,726,1008,839,826,1057,917,971,840,950,861,1034,1072,1008,989,1358,998,1081,653,991,1172,969,674,1169,780,1231,991,804,584,839,687,1127,1076,988,1105,806,1295,966,1138,1303,506,904,935,1252,1247,786,402,537,814,1175,697,1366,850,878,1217,1258,793,1671,1017,1055,1127,948,1019,1231,1051,844,979,812,695,756,873,779,620,853,959,1006,921,1202,903,993,1247,858,905,1192,970,1285,1010,1109,1089,785,837,865,923,1262,1515,835,958,575,857,954,1224,607,976,1270,877,731,799,1089,838,839,920,983,743,1105,1355,1056,1003,987,878,1020,756,892,892,994,929,1756,1012,1082,973,989,1003,785,1002,1254,984,1108,1104,1327,684,1107,856,948,863,1422,642,1136,1149,986,683,976,746,946,1127,726,1002,755,1179,1294,1031,1087,869,689,925,1179,808,1315,1167,1068,657,766,985,1372,1042,1209,805,722,915,846,1004,894,1113,1061,1195,748,882,1108,1232,785,959,756,1194,886,1078,1155,790,792,1030,910,962,1436,970,1026,1320,1133,947,797,583,1207,1346,934,716,827,918,1198,1049,1189,630,1296,830,1174,821,802,1149,1029,788,735,813,712,551,1114,1361,1087,713,760,1039,780,938,751,888,1324,1406,1130,989,561,1178,914,981,966,1021,629,1211,860,960,892,999,713,1276,1056,865,579,638,935,1106,806,1116,833,991,1225,1206,856,988,1067,838,1076,724,847,704,993,937,882,716,1096,843,934,1029,1150,1061,972,917,683,1003,847,600,793,1194,1162,1114,1244,1089,720,1013,1195,1114,1326,878,890,810,1009,889,1296,1335,1165,613,786,891,887,1063,1174,922,616,649,679,917,847,1008,1245,751,1141,746,823,701,948,738,1462,1292,902,889,1175,996,1263,1156,731,777,1494,1279,751,1315,1064,610,1041,1095,883,977,984,1029,799,909,691,961,847,1400,1060,1090,653,1325,977,641,1136,725,702,924,867,816,810,973,998,786,841,647,938,920,719,1055,905,906,794,981,891,717,891,925,874,680,896,1035,829,708,628,766,894,534,934,1364,1018,787,714,996,935,956,816,961,701,885,1222,959,808,724,1172,1142,1059,711,756,1265,1163,973,599,855,1110,977,1423,1079,1646,992,949,968,1782,817,733,765,1089,960,1271,1101,667,1059,1085,741,912,860,1529,925,867,960,1126,1187,1148,683,708,1079,898,985,810,780,855,939,1790,1253,556,1025,1373,585,1407,1012,652,1069,1003,1059,859,938,785,857,1312,1056,1122,672,1045,1541,818,680,1103,1257,922,826,1433,985,884,1182,852,981,615,914,1362,727,1074,1081,861,1077,855,766,1207,792,877,1078,1007,812,987,1021,831,729,1234,935,726,845,1001,925,1003,953,754,1020,1311,1042,1029,843,1072,797,996,1027,1321,833,1052,1025,1008,835,939,912,1141,1183,849,854,1153,730,1311,1192,809,836,1185,794,1091,808,832,1265,809,977,1313,742,864,966,1107,820,730,1302,839,713,878,696,779,794,987,1306,1253,961,925,1367,1114,635,1166,1149,915,1181,909,756,1179,696,918,846,984,691,1154,1243,1540,1058,919,1004,816,965,1249,919,871,818,909,949,930,781,807,791,1062,1130,984,811,780,823,897,976,700,554,661,995,799,936,1634,1041,779,628,963,990,1201,942,1188,769,1028,860,852,810,992,955,963,797,1047,846,795,690,798,763,1243,1138,985,720,1241,1167,1161,801,1204,763,1281,938,1174,1088,1353,746,849,992,890,1044,961,1253,1112,893,1071,887,1025,972,1065,907,889,787,722,823,775,1170,962,1195,1003,897,812,664,1047,872,889,605,1093,1346,962,824,781,1061,1051,890,1077,925,1367,1180,917,1027,1127,790,822,1010,1216,904,923,1039,1220,1017,1234,1116,859,838,807,1141,946,1394,706,831,777,862,1129,979,996,893,862,1308,892,715,950,1120,1004,1078,1089,647,759,758,681,609,898,995,1297,816,926,873,950,849,604,829,871,680,1243,938,567,804,1412,1001,894,905,1142,1026,1228,890,1054,1218,849,1020,899,1155,919,938,1076,838,892,1191,1159,915,749,1106,823,1174,1225,598,1237,792,936,874,935,768,1041,673,1261,1075,838,1347,643,985,1368,1023,848,783,1061,1094,699,870,718,932,1007,703,865,718,1014,1182,1154,683,1096,1260,819,1211,1145,1077,889,1189,906,1162,1157,873,1208,966,1313,884,997,826,974,530,852,825,1001,1227,1096,1059,1029,689,1159,1112,1090,1167,935,951,726,1001,1021,771,833,800,1090,802,914,801,
1162,543,1043,800,1305,1156,1154,956,1022,945,1028,1081,1030,840,966,869,1155,695,1200,1316,1245,715,1608,899,1059,853,1026,604,862,1271,932,632,1294,1012,866,933,1205,1300,1269,526,964,729,1035,1392,1014,1044,921,799,1222,670,924,1062,833,699,1087,925,1102,1207,1030,864,1172,911,916,957,926,920,902,829,824,866,1018,892,1197,844,1365,622,1215,1011,1038,884,1282,966,880,966,943,809,719,453,1245,812,976,913,1081,901,827,857,1225,701,1239,1025,1001,635,1219,656,1290,789,1216,699,744,821,989,807,1090,977,1145,930,917,751,1356,958,1051,1019,1329,972,1477,934,932,847,830,978,959,735,822,1079,978,729,1157,793,750,768,1148,1316,691,907,1179,1020,981,1043,832,1155,949,719,1025,769,1014,964,1263,723,949,894,905,803,851,843,1301,826,731,766,912,1172,1145,1119,928,788,1305,1001,1242,543,799,845,962,789,1331,858,863,787,635,661,1286,732,869,518,836,811,1241,585,1148,728,1244,883,977,1174,892,893,841,845,1182,1099,636,599,1444,735,1010,961,929,899,1469,1144,923,1125,1252,536,1420,936,1113,740,1054,1045,1103,592,1138,665,1020,947,703,1048,1295,1149,900,913,1030,991,1061,1039,1220,391,999,744,583,750,794,886,1658,984,723,1228,994,1139,778,965,777,876,1085,689,1106,951,1127,1108,1237,622,1048,1069,1156,719,693,1008,1048,1033,1220,779,1184,934,750,861,1137,936,1119,854,1342,1552,1188,813,902,910,786,714,1121,1251,1194,1073,851,1017,1314,1146,791,1140,849,418,877,715,1002,974,989,1191,688,1096,793,1436,906,1043,1202,832,984,900,1060,856,1148,529,1120,868,1049,689,763,1304,581,754,903,1052,1112,924,993,657,982,797,1330,718,1083,983,953,920,948,801,1159,977,1046,806,1029,966,754,710,1039,619,1038,869,1050,995,846,864,1019,904,1231,1107,1040,1105,1059,780,1467,743,1173,753,1007,969,889,1174,1170,886,1111,1128,779,1092,913,628,867,744,1070,958,1191,1015,956,934,805,909,1288,761,1034,966,1151,1277,1171,1043,1197,754,781,1041,758,873,629,1007,824,1070,884,826,826,752,921,907,1024,958,850,925,952,708,1141,944,894,848,1119,944,736,904,832,1092,950,772,1181,512,824,752,1253,1195,1108,969,1056,802,1121,753,1146,716,1248,876,994,1054,1097,874,1158,1089,804,975,1217,724,900,1217,1275,808,941,804,1257,1041,1047,714,1076,962,887,954,1054,1270,1016,1039,760,1003,1361,913,1370,744,1134,1093,1003,873,934,924,969,965,943,1070,1119,996,1020,839,1233,788,951,885,1232,954,860,950,875,495,1058,712,832,1122,980,1196,912,999,1011,1032,800,1073,1005,792,1166,973,1006,829,1039,525,862,1075,988,1112,1311,744,1051,599,1134,806,777,969,927,651,839,876,1148,974,1121,1112,1118,688,855,719,1190,852,1094,819,991,827,740,699,721,951,1027,450,1050,951,1229,1296,1271,1288,1029,643,1312,1015,1296,1004,1141,1044,905,866,1139,498,1090,728,815,1111,1220,818,1131,830,1248,949,915,1240,923,851,1092,788,748,822,1071,1132,981,1205,843,987,1122,783,885,1076,1058,1053,739,793,876,639,969,969,1062,935,1085,698,950,1251,868,1273,1613,930,801,733,1248,684,909,760,1422,705,791,691,624,826,966,769,1010,613,800,754,1069,909,897,799,785,1209,843,889,1247,978,1059,871,760,1158,1185,478,754,683,1017,917,982,861,782,919,1124,1129,1298,581,1013,1192,914,494,694,1056,1051,488,867,678,937,837,1035,835,1145,960,1197,991,1166,554,856,1070,1314,945,1228,987,1162,405,1012,612,917,1472,1035,504,1051,817,1062,807,1258,934,1172,1112,801,774,1139,1231,724,586,808,836,860,882,1003,960,1332,954,956,642,799,1166,1089,923,942,638,1060,1530,553,868,818,882,991,860,837,1186,1193,990,1312,765,1027,838,1089,998,1219,858,1334,1080,1061,588,676,782,1065,826,948,840,751,1159,895,1415,920,734,1362,426,1027,589,1132,1225,741,757,708,771,1023,1073,870,710,928,832,1419,916,934,1051,1112,723,1120,685,1221,925,833,1058,874,1048,918,946,1442,962,1260,955,1163,537,955,939,884,911,783,835,1369,1126,1070,764,1168,1080,983,504,1045,409,929,838,986,865,795,529,1112,1157,970,720,892,659,761,661,1253,452,1151,828,1313,1103,885,882,761,604,896,782,1356,1043,891,1130,1307,918,1359,847,903,984,1509,1079,1138,966,882,926,1125,609,1010,1260,1122,997,1456,1289,961,676,914,922,905,642,1226,1022,1167,1108,944,885,772,1504,1168,1120,932,807,977,1576,1029,617,1225,1110,1303,783,1228,919,1024,623,1175,911,1266,928,1038,852,1006,915,1195,1272,1252,1045,909,779,1007,839,1106,725,1224,744,808,902,1080,1068,1058,1057,867,672,1205,1000,1444,1070,923,630,760,618,956,1029,1268,749,1202,1042,954,970,1141,968,1007,711,1447,1278,889,1225,1127,1251,802,880,991,913,863,920,1042,705,849,1193,1050,961,988,840,954,985,1151,969,897,913,1074,1041,718,745,1515,947,886,1145,
22,585,71,530,27,655,242,726,6,680,8,726,13,687,9,642,2,553,387,672,69,583,30,778,21,762,211,504,84,479,40,711,72,801,9,789,41,958,13,763,27,664,16,824,29,559,1,546,36,539,11,677,2,793,105,601,3,584,5,939,2,484,15,925,57,497,13,632,13,603,13,698,10,1129,23,817,27,658,23,601,92,704,1,695,17,557,46,621,11,1051,116,687,29,795,1,1136,26,895,19,658,18,801,53,814,4,817,10,895,35,1039,30,781,16,446,11,745,68,564,24,921,52,666,92,534,179,968,13,647,25,911,25,1011,16,757,22,594,5,828,61,543,82,643,35,825,5,685,16,773,88,926,1,589,12,727,31,817,1,733,65,718,45,686,1,632,14,1057,22,652,48,598,83,699,6,683,3,766,23,617,151,484,160,602,61,891,201,1035,61,785,1,564,204,740,16,692,30,546,17,584,29,650,39,1048,12,839,6,664,5,856,1,667,12,692,19,601,46,905,71,663,1,891,3,980,26,605,88,612,17,609,2,802,17,749,4,939,179,769,35,585,118,720,16,688,67,697,27,714,2,594,1,565,9,1061,16,898,29,1050,13,654,28,991,270,638,7,689,5,679,52,786,17,622,26,820,14,918,59,612,17,489,65,955,56,601,19,458,42,627,11,554,605,530,17,962,38,816,501,960,53,702,9,954,129,707,40,751,61,627,195,766,135,751,17,605,100,791,1,909,51,571,46,582,9,757,32,849,19,812,17,795,27,741,77,735,11,437,52,680,3,793,10,710,79,466,10,528,4,913,10,621,49,640,6,714,6,754,3,1412,5,831,7,497,21,553,6,745,5,829,40,1029,66,878,211,431,58,894,14,532,1,699,86,820,5,772,83,581,13,753,1,562,43,692,6,716,45,701,21,900,137,845,4,782,18,618,56,725,13,762,47,732,5,741,3,926,237,903,12,729,119,1000,176,1144,18,558,78,851,4,729,49,723,52,677,18,831,45,1006,9,662,8,524,1,557,138,1132,2,643,125,373,105,707,31,561,4,709,119,731,16,840,20,872,21,624,477,684,8,575,24,715,80,923,117,726,20,575,2,596,7,650,4,997,13,807,48,677,4,842,1,703,211,523,21,604,10,651,1,1204,5,926,10,892,3,732,74,487,33,653,4,1155,9,975,3,759,1,688,23,772,194,530,37,858,3,968,7,652,3,643,27,803,187,482,152,936,78,1117,21,762,189,761,6,531,11,723,11,1170,1,714,2,687,20,565,4,602,51,629,26,1108,6,715,16,1262,352,971,17,639,202,821,16,771,22,582,26,980,3,1009,12,566,34,875,258,1423,1,881,122,463,31,898,34,779,1,927,35,1084,5,562,59,612,17,716,1,954,234,685,5,838,36,800,2,836,287,886,2,673,229,671,8,920,13,694,67,516,1,602,190,562,2,863,17,721,28,812,12,594,100,537,131,556,12,655,22,590,38,488,73,627,22,740,7,665,12,883,107,1039,19,898,44,559,2,738,33,636,18,787,1,840,18,932,24,543,1,724,11,712,25,467,12,561,108,716,2,846,11,840,6,1167,19,800,5,1154,4,642,55,587,4,578,24,749,24,792,9,754,101,758,51,681,9,978,9,720,39,947,18,617,4,757,10,734,303,747,6,692,27,960,1,930,22,889,6,647,1,826,5,982,1,673,67,830,12,1022,26,564,2,773,33,519,54,814,71,948,14,731,6,691,1,870,19,669,121,744,198,782,58,1040,10,992,18,759,65,778,34,1021,50,667,5,973,1,936,1,801,1,685,131,653,1,599,80,982,19,870,35,544,20,626,41,1129,239,986,24,879,10,886,21,970,5,726,33,738,98,741,59,792,66,595,2,927,27,611,100,891,2,575,24,471,36,761,15,935,19,568,87,969,49,1046,450,596,1,646,1,459,57,557,10,868,29,801,9,698,14,1040,7,485,6,717,3,918,5,633,3,719,28,736,5,588,12,814,129,1006,9,466,1,622,1,635,74,796,36,858,65,1058,5,773,84,960,7,805,118,823,4,743,9,1086,30,859,81,609,9,633,18,723,162,607,9,662,5,506,7,861,3,879,4,471,28,446,23,669,45,550,9,573,24,934,61,508,8,846,18,703,36,1037,18,794,26,652,2,707,112,567,10,669,147,800,53,783,25,671,23,515,174,492,27,860,172,569,4,631,4,676,87,823,68,1182,128,504,74,647,7,583,45,517,42,759,121,937,14,549,24,878,8,533,189,720,234,546,7,581,12,988,39,859,10,672,12,738,19,837,6,630,95,464,37,922,154,705,
35655,0,61800,0,35131,0,113031,0,59335,0,113820,0,24182,0,48149,0,32127,0,58447,0,29960,0,22940,0,28761,0,68833,0,78245,0,87032,0,68381,0,75903,0,28318,0,64841,0,18806,0,29916,0,10910,0,39748,0,20374,0,64313,0,123944,0,67335,0,34469,0,59535,0,32663,0,28440,0,50030,0,5112,0,52810,0,69659,0,45795,0,51186,0,109146,0,47932,0,129738,0,80012,0,87044,0,69691,0,91732,0,39682,0,41056,0,25668,0,53144,0,21114,0,70784,0,69250,0,59414,0,47894,0,26722,0,73173,0,51477,0,49659,0,83027,0,35758,0,61910,0,50516,0,29602,0,46716,0,21701,0,78884,0,74430,0,33757,0,47605,0,54350,0,51147,0,93547,0,58936,0,42141,0,88141,0,70396,0,32544,0,46042,0,68163,0,92648,0,79025,0,36527,0,46292,0,69746,0,48719,0,87739,0,35267,0,39136,0,16111,0,50925,0,65277,0,45040,0,73771,0,49790,0,100624,0,49964,0,44135,0,76196,0,90998,0,90190,0,82120,0,62122,0,37756,0,31540,0,34415,0,29977,0,79765,0,20005,0,1067,0,24008,0,25988,0,68917,0,40262,0,46367,0,75417,0,25641,0,54652,0,45420,0,43381,0,26472,0,38275,0,75195,0,52791,0,14603,0,47337,0,50020,0,100306,0,36817,0,44454,0,55708,0,18196,0,32262,0,58192,0,45361,0,32415,0,22601,0,46132,0,80131,0,43426,0,36289,0,87044,0,29487,0,23284,0,38082,0,56599,0,78681,0,67306,0,57004,0,68030,0,87907,0,22633,0,50732,0,31369,0,47146,0,38677,0,99902,0,83776,0,57256,0,37359,0,54829,0,57794,0,16656,0,15170,0,47679,0,56951,0,14877,0,58622,0,93749,0,56674,0,52582,0,111736,0,95144,0,64859,0,29436,0,19433,0,66996,0,41569,0,49857,0,48883,0,91666,0,82353,0,123712,0,46605,0,30293,0,52558,0,40353,0,62935,0,49017,0,56275,0,14595,0,19812,0,106495,0,51894,0,22929,0,72219,0,58594,0,65526,0,51669,0,53106,0,51047,0,44435,0,27951,0,74098,0,58401,0,16868,0,54238,0,26675,0,65669,0,37160,0,25382,0,54553,0,70671,0,40628,0,61009,0,37051,0,82720,0,34426,0,31291,0,106843,0,107399,0,107161,0,47139,0,91346,0,57681,0,52213,0,93925,0,61115,0,58686,0,38126,0,67775,0,101290,0,42526,0,49319,0,69356,0,60024,0,88370,0,59471,0,95282,0,46379,0,38862,0,53682,0,33140,0,28758,0,46594,0,42159,0,31513,0,81151,0,30159,0,79665,0,30049,0,103914,0,33254,0,55147,0,38645,0,62344,0,12549,0,51561,0,48621,0,53608,0,63832,0,60632,0,89494,0,33623,0,50143,0,83219,0,58382,0,33992,0,73099,0,55099,0,78309,0,76719,0,57711,0,40338,0,42420,0,61575,0,79781,0,27551,0,60212,0,52474,0,88895,0,56511,0,91268,0,57511,0,48599,0,51989,0,12719,0,73182,0,100993,0,37149,0,115120,0,34747,0,63960,0,63168,0,19577,0,50700,0,70262,0,62212,0,166083,0,73307,0,51478,0,68732,0,44835,0,44504,0,26078,0,32955,0,35792,0,52135,0,62810,0,53815,0,33771,0,56206,0,82651,0,37619,0,49798,0,40914,0,42290,0,67919,0,40615,0,52105,0,102097,0,82531,0,30192,0,45202,0,49330,0,44278,0,40972,0,42738,0,46622,0,37628,0,6201,0,73034,0,46084,0,49778,0,47310,0,38491,0,79918,0,70391,0,24679,0,49284,0,28989,0,44942,0,16148,0,76019,0,57567,0,51136,0,71392,0,32277,0,17909,0,52295,0,71261,0,138389,0,95127,0,86694,0,61550,0,101711,0,107482,0,78600,0,70967,0,30853,0,44667,0,36532,0,96281,0,65069,0,37864,0,78496,0,29586,0,57555,0,68697,0,60514,0,47458,0,90287,0,39051,0,37077,0,80389,0,30191,0,50361,0,50796,0,71891,0,50373,0,33700,0,47252,0,42245,0,59546,0,49410,0,25532,0,63546,0,64474,0,34720,0,101335,0,20749,0,32696,0,99905,0,28170,0,67308,0,45258,0,23846,0,69008,0,52464,0,4182,0,50594,0,59563,0,67548,0,52409,0,78491,0,66036,0,76030,0,27584,0,62431,0,100024,0,33794,0,47015,0,43515,0,84704,0,33100,0,53519,0,20785,0,40117,0,91189,0,79052,0,19324,0,54824,0,35018,0,32016,0,12491,0,65744,0,66464,0,60468,0,37934,0,106057,0,47758,0,29576,0,38961,0,74467,0,76381,0,23898,0,99964,0,68256,0,28369,0,5420,0,26223,0,31925,0,134915,0,54856,0,38344,0,63043,0,60101,0,93577,0,12973,0,48642,0,90119,0,25617,0,61731,0,38615,0,56503,0,58863,0,68320,0,98172,0,11116,0,30997,0,13583,0,57017,0,34159,0,61836,0,105834,0,89180,0,26711,0,102300,0,33926,0,63975,0,87136,0,51538,0,18679,0,22199,0,54451,0,77708,0,114779,0,38804,0,42512,0,57787,0,102375,0,6684,0,52649,0,46639,0,80003,0,13230,0,41581,0,17870,0,30828,0,84337,0,36759,0,19765,0,16578,0,62831,0,30341,0,31864,0,97795,0,43814,0,30092,0,80830,0,86452,0,
103471,0,50555,0,105499,0,58493,0,33078,0,77689,0,75001,0,66988,0,31858,0,112228,0,97220,0,55361,0,111467,0,37836,0,76353,0,64149,0,32851,0,49557,0,104454,0,55100,0,29131,0,52657,0,28469,0,93749,0,123013,0,99859,0,68740,0,48699,0,61817,0,99860,0,90297,0,140469,0,55218,0,13939,0,46469,0,98389,0,37430,0,39774,0,61840,0,79351,0,59989,0,80176,0,32269,0,106115,0,39579,0,36162,0,39684,0,56030,0,34944,0,61463,0,38637,0,71907,0,81196,0,43135,0,16526,0,54591,0,45376,0,31812,0,92663,0,29980,0,32752,0,66773,0,62413,0,100909,0,40344,0,29763,0,15806,0,99185,0,101394,0,54511,0,122639,0,48645,0,116998,0,35516,0,31798,0,53863,0,74628,0,65420,0,90929,0,57521,0,85641,0,52109,0,42011,0,46840,0,55091,0,73575,0,63741,0,38278,0,47093,0,54631,0,23271,0,80574,0,46185,0,13083,0,73358,0,52839,0,88947,0,37251,0,102183,0,28539,0,63662,0,30647,0,124072,0,82109,0,0,0,173427,0,52022,0,52850,0,78608,0,49772,0,90395,0,45434,0,86242,0,47636,0,115483,0,42983,0,115850,0,29550,0,26040,0,84551,0,59130,0,30739,0,123812,0,37628,0,11087,0,131051,0,90008,0,65011,0,43075,0,131673,0,173777,0,87122,0,83002,0,65509,0,58802,0,70887,0,34676,0,104203,0,112439,0,14469,0,19906,0,102765,0,91977,0,82027,0,75300,0,31075,0,95710,0,35515,0,49768,0,51399,0,42265,0,56965,0,78213,0,36467,0,70730,0,135124,0,116992,0,79331,0,33721,0,30578,0,92060,0,82123,0,83798,0,36839,0,73175,0,66107,0,75917,0,71080,0,44372,0,44256,0,32233,0,50056,0,29046,0,58808,0,90290,0,61389,0,72754,0,83249,0,146218,0,135285,0,32291,0,51769,0,55768,0,30541,0,95238,0,85901,0,132907,0,59701,0,79778,0,42163,0,63127,0,34909,0,90140,0,113813,0,59764,0,101389,0,110956,0,111925,0,45396,0,84276,0,46770,0,64883,0,189029,0,80799,0,33643,0,150606,0,75836,0,101512,0,12516,0,0,0,45134,0,3532,0,54225,0,104316,0,41555,0,53482,0,92907,0,58648,0,88533,0,73600,0,77587,0,53759,0,27522,0,71870,0,100144,0,59352,0,92121,0,101082,0,92551,0,61746,0,49255,0,12538,0,85271,0,84993,0,85260,0,82713,0,47014,0,18300,0,69724,0,95971,0,35462,0,80977,0,101551,0,149879,0,126177,0,38205,0,33781,0,77900,0,66428,0,12805,0,50933,0,124490,0,54227,0,75739,0,127356,0,86239,0,64214,0,27956,0,42291,0,36082,0,64534,0,105233,0,43010,0,40778,0,57628,0,45402,0,91838,0,24851,0,132565,0,66415,0,107552,0,85146,0,88073,0,52938,0,66640,0,61266,0,108468,0,73366,0,12906,0,81740,0,69636,0,106843,0,85054,0,75239,0,91048,0,7012,0,53904,0,79557,0,78690,0,50973,0,93558,0,163606,0,72508,0,67004,0,81243,0,102203,0,49451,0,37870,0,80857,0,80858,0,98299,0,83421,0,32119,0,61557,0,78986,0,114068,0,86294,0,28756,0,119727,0,71272,0,77357,0,69815,0,10808,0,106139,0,61085,0,94284,0,93149,0,134378,0,74788,0,120685,0,133557,0,39179,0,43375,0,33525,0,103012,0,59597,0,24335,0,122643,0,80433,0,16410,0,41414,0,27471,0,52257,0,64909,0,32990,0,71343,0,108093,0,100375,0,12402,0,71134,0,53241,0,150619,0,63257,0,43113,0,31784,0,124334,0,51251,0,122864,0,6505,0,40128,0,84075,0,40976,0,21806,0,83606,0,103274,0,70311,0,29768,0,152338,0,88228,0,35004,0,63007,0,161215,0,40118,0,116493,0,103523,0,49217,0,46995,0,75400,0,99137,0,87601,0,47489,0,116588,0,69745,0,106390,0,71530,0,56368,0,19853,0,71844,0,29677,0,53723,0,102322,0,92384,0,56694,0,63141,0,21926,0,67680,0,44734,0,66630,0,71027,0,48065,0,113127,0,59401,0,55583,0,42699,0,137648,0,78350,0,51200,0,47089,0,55192,0,82023,0,56899,0,115995,0,55782,0,123734,0,62610,0,53947,0,46718,0,50296,0,95260,0,38871,0,47764,0,42312,0,72103,0,50881,0,67498,0,71479,0,109536,0,13225,0,51212,0,64852,0,82746,0,43926,0,96897,0,80685,0,38428,0,40658,0,46655,0,55469,0,51601,0,387036,0,95180,0,30550,0,90383,0,94341,0,33123,0,83922,0,79210,0,53191,0,117924,0,67373,0,80558,0,97367,0,61990,0,79117,0,73514,0,129378,0,185952,0,142048,0,91706,0,61258,0,27711,0,54702,0,165155,0,36147,0,42100,0,84896,0,37066,0,88773,0,97215,0,66337,0,75669,0,122243,0,41850,0,36144,0,83107,0,111148,0,25973,0,131323,0,45463,0,48853,0,109786,0,58971,0,90640,0,73100,0,53431,0,38049,0,12143,0,78524,0,70207,0,40614,0,80083,0,56570,0,20051,0,38588,0,22467,0,46257,0,108590,0,111386,0,51131,0,81519,0,31976,0,115241,0,73721,0,126014,0,90750,0,80076,0,55708,0,102814,0,55593,0,112888,0,
23793,0,18569,0,59759,0,6713,0,23574,0,20891,0,25010,0,14179,0,10203,0,5612,0,9309,0,0,0,18872,0,5604,0,31958,0,18095,0,1576,0,9937,0,8164,0,32824,0,62550,0,14756,0,20046,0,2668,0,34758,0,24839,0,56345,0,10437,0,20354,0,41817,0,3376,0,11193,0,17695,0,19028,0,39826,0,61506,0,30912,0,14186,0,4645,0,0,0,97712,0,3603,0,47278,0,27029,0,18985,0,5344,0,42933,0,0,0,18417,0,41912,0,8698,0,22064,0,40855,0,39382,0,25570,0,11895,0,53608,0,65076,0,10055,0,22495,0,28157,0,5655,0,30584,0,0,0,31235,0,16951,0,21227,0,11527,0,33303,0,30304,0,15503,0,3329,0,26197,0,39612,0,8326,0,39843,0,8138,0,19336,0,0,0,16798,0,28082,0,4909,0,26624,0,23442,0,3516,0,15986,0,292245,0,2642,0,24958,0,9435,0,13267,0,22523,0,4670,0,14713,0,0,0,9167,0,34059,0,26129,0,22483,0,37239,0,16648,0,15662,0,15539,0,13142,0,19495,0,8444,0,17377,0,19827,0,25203,0,1580,0,7563,0,6707,0,7719,0,49379,0,16857,0,14524,0,46794,0,8046,0,8489,0,12541,0,9405,0,46454,0,30299,0,59165,0,4298,0,9165,0,20597,0,28866,0,8384,0,17558,0,23522,0,89874,0,27426,0,18067,0,4649,0,10518,0,3077,0,18352,0,7797,0,34882,0,19705,0,74333,0,20137,0,31629,0,5006,0,48376,0,17809,0,7732,0,12133,0,30935,0,10044,0,10016,0,32881,0,18830,0,7939,0,46966,0,23473,0,23786,0,14668,0,17834,0,67605,0,32017,0,11087,0,8879,0,19087,0,10163,0,199458,0,18486,0,2678,0,20598,0,10567,0,10782,0,192223,0,0,0,24920,0,5570,0,66388,0,18631,0,26426,0,55773,0,68515,0,12273,0,20992,0,18290,0,31942,0,6114,0,30602,0,9933,0,0,0,31552,0,0,0,21032,0,18050,0,11204,0,23528,0,34588,0,18608,0,12005,0,9987,0,0,0,69054,0,40653,0,32992,0,11774,0,0,0,6057,0,21198,0,13076,0,15231,0,16616,0,14553,0,17839,0,14714,0,30673,0,58711,0,0,0,10989,0,44723,0,54107,0,27304,0,6795,0,3577,0,13649,0,7151,0,13786,0,34669,0,14138,0,5810,0,31109,0,38457,0,3537,0,6482,0,24469,0,9119,0,14756,0,13859,0,145161,0,8637,0,4273,0,7661,0,23839,0,24432,0,12420,0,42389,0,16939,0,12825,0,46719,0,0,0,67050,0,8258,0,6231,0,14013,0,68654,0,0,0,2648,0,2906,0,18697,0,3430,0,12662,0,11643,0,16576,0,30947,0,25132,0,2152,0,15662,0,25457,0,18465,0,10810,0,468963,0,29760,0,24027,0,0,0,29398,0,14968,0,8626,0,16621,0,12303,0,29787,0,50414,0,15830,0,4614,0,7219,0,87044,0,29306,0,21531,0,10833,0,6086,0,15818,0,16888,0,0,0,17992,0,10069,0,10128,0,6941,0,50582,0,19376,0,18230,0,46891,0,0,0,12734,0,20066,0,34375,0,13187,0,8402,0,79129,0,5257,0,17608,0,26852,0,9379,0,0,0,5997,0,46311,0,15793,0,12062,0,58807,0,25096,0,10961,0,0,0,99212,0,14094,0,9977,0,5328,0,13515,0,11508,0,24134,0,21625,0,4320,0,25040,0,51120,0,280401,0,32175,0,9016,0,13556,0,17122,0,26957,0,33581,0,17099,0,11674,0,8269,0,13688,0,43050,0,48951,0,13893,0,103032,0,37129,0,17204,0,6222,0,16339,0,11662,0,25695,0,14460,0,43584,0,55888,0,23673,0,29889,0,56716,0,15039,0,7120,0,433,0,17040,0,0,0,6334,0,65099,0,67024,0,81667,0,34323,0,9697,0,24715,0,35607,0,32500,0,11433,0,14063,0,16621,0,15226,0,21398,0,25162,0,10755,0,10985,0,8597,0,1410,0,0,0,35549,0,17467,0,13211,0,18029,0,5023,0,9865,0,10160,0,12916,0,20034,0,23670,0,39485,0,31441,0,18968,0,5250,0,36737,0,11127,0,41746,0,6273,0,9782,0,33154,0,9040,0,4928,0,22502,0,14478,0,8234,0,40561,0,10045,0,0,0,7662,0,22282,0,27454,0,23644,0,8796,0,36474,0,13870,0,4367,0,6028,0,26781,0,39038,0,24488,0,174349,0,18107,0,492,0,24546,0,7801,0,20585,0,34746,0,11055,0,64755,0,40508,0,14614,0,0,0,11611,0,91366,0,6934,0,2995,0,40911,0,48595,0,25227,0,20420,0,8982,0,41109,0,17096,0,10046,0,9032,0,74780,0,11068,0,20782,0,15078,0,26602,0,19959,0,21822,0,10460,0,70432,0,9370,0,11953,0,9309,0,4322,0,12041,0,49396,0,33467,0,28909,0,15351,0,6228,0,33857,0,21874,0,22957,0,1538,0,11938,0,13455,0,14981,0,26807,0,21486,0,22088,0,53826,0,21277,0,25327,0,57972,0,7859,0,7898,0,0,0,15096,0,16648,0,14428,0,55924,0,18404,0,53914,0,15175,0,19847,0,41463,0,4996,0,20502,0,14903,0,17297,0,22306,0,16401,0,40748,0,11934,0,15172,0,
0,91877,0,71988,0,68914,0,42862,0,87466,0,105678,0,106205,0,73403,0,46332,0,69677,0,113292,0,141163,0,162384,0,42780,0,43472,0,57893,0,110473,0,21392,0,63421,0,29752,0,212387,0,82627,0,134546,0,74063,0,43972,0,51485,0,94410,0,82680,0,131925,0,108229,0,68759,0,67934,0,18306,0,74777,0,126395,0,64725,0,34321,0,72641,0,30930,0,86857,0,139238,0,59952,0,85492,0,46751,0,56177,0,123091,0,100464,0,53888,0,128326,0,88207,0,226117,0,94346,0,108957,0,54417,0,143992,0,74780,0,55432,0,40246,0,77240,0,69314,0,133187,0,51365,0,45006,0,14860,0,44758,0,86995,0,72147,0,33968,0,75661,0,49638,0,38451,0,62488,0,69864,0,118423,0,68760,0,104673,0,22175,0,127652,0,31990,0,25386,0,62104,0,107344,0,48697,0,79959,0,49732,0,104156,0,27294,0,47074,0,31644,0,57883,0,140906,0,68806,0,76302,0,36210,0,51789,0,122973,0,46589,0,69083,0,166939,0,9937,0,113864,0,105309,0,97047,0,66507,0,24209,0,74996,0,139345,0,43799,0,92337,0,116698,0,113707,0,82660,0,109929,0,36282,0,44144,0,88107,0,60259,0,41943,0,75051,0,79422,0,107637,0,112651,0,63957,0,58327,0,68587,0,71625,0,130696,0,33968,0,48413,0,72508,0,48759,0,161845,0,47044,0,80774,0,96521,0,56332,0,91537,0,146904,0,81936,0,132258,0,59715,0,59952,0,46749,0,22822,0,98724,0,101563,0,42122,0,88801,0,71027,0,91782,0,28317,0,122968,0,62374,0,68062,0,100070,0,58830,0,86930,0,151819,0,127652,0,135682,0,15432,0,101562,0,88669,0,74707,0,105128,0,63554,0,3319,0,79095,0,14624,0,149000,0,112450,0,41362,0,103575,0,95531,0,131334,0,89346,0,97715,0,122400,0,107386,0,46956,0,98372,0,86730,0,11593,0,112037,0,46350,0,57803,0,76322,0,127494,0,104017,0,144669,0,79684,0,80376,0,83551,0,116996,0,71329,0,81941,0,103957,0,90737,0,33835,0,72777,0,45560,0,50401,0,73109,0,67092,0,106052,0,33054,0,69432,0,47855,0,140838,0,15040,0,142330,0,44363,0,88242,0,54683,0,70729,0,81288,0,58305,0,76030,0,77797,0,65945,0,113078,0,100253,0,43467,0,121998,0,63349,0,104514,0,120157,0,37825,0,38924,0,36294,0,116754,0,55575,0,81292,0,121649,0,46686,0,134310,0,57516,0,5864,0,83038,0,106624,0,125208,0,122140,0,149602,0,88439,0,100484,0,79394,0,11214,0,56063,0,97485,0,208720,0,88759,0,46464,0,30566,0,80916,0,79794,0,48895,0,63044,0,98914,0,89161,0,35462,0,38660,0,83505,0,81268,0,16430,0,97102,0,94052,0,152396,0,152208,0,78883,0,105560,0,52036,0,47368,0,66264,0,75177,0,88781,0,78008,0,61037,0,74121,0,17943,0,73457,0,22517,0,46334,0,52480,0,54149,0,26893,0,88734,0,62980,0,109106,0,17625,0,73221,0,84718,0,107386,0,63366,0,47537,0,77727,0,85847,0,182857,0,72794,0,117700,0,71651,0,133164,0,56925,0,120330,0,62837,0,64524,0,86914,0,58234,0,90740,0,112879,0,63047,0,42721,0,37659,0,74231,0,62935,0,0,0,55738,0,55740,0,85352,0,71416,0,98444,0,64052,0,25677,0,76808,0,100340,0,52737,0,31051,0,32455,0,69502,0,67696,0,34747,0,84721,0,105343,0,64737,0,79147,0,104183,0,120448,0,87175,0,51521,0,26986,0,80887,0,98057,0,68054,0,33655,0,71695,0,73250,0,69767,0,119769,0,65931,0,125630,0,58036,0,158004,0,60770,0,90045,0,44258,0,100697,0,207127,0,26502,0,75170,0,76108,0,100051,0,59955,0,158851,0,54742,0,99353,0,109130,0,105862,0,81927,0,29195,0,123315,0,10239,0,45602,0,115082,0,100404,0,29987,0,49253,0,58171,0,65763,0,72517,0,69051,0,82043,0,82554,0,70653,0,37778,0,143705,0,73121,0,51196,0,110104,0,97488,0,75378,0,114354,0,79747,0,45548,0,43532,0,55787,0,66636,0,115485,0,96729,0,91835,0,71949,0,160493,0,36654,0,109087,0,79354,0,103658,0,44696,0,69735,0,70179,0,37600,0,96259,0,34447,0,123597,0,77495,0,65697,0,44142,0,139456,0,88172,0,105468,0,78291,0,63968,0,71054,0,62447,0,100185,0,36278,0,148332,0,133739,0,51049,0,99976,0,40891,0,106423,0,47953,0,37511,0,103130,0,72960,0,78296,0,147179,0,114976,0,86479,0,47633,0,87937,0,92731,0,110225,0,107437,0,123617,0,32908,0,39704,0,33440,0,60974,0,49220,0,70321,0,129546,0,113205,0,84211,0,44240,0,118880,0,80656,0,79759,0,55239,0,85553,0,35835,0,91691,0,49215,0,25266,0,73147,0,90835,0,59348,0,51320,0,78911,0,72351,0,54287,0,42562,0,163910,0,65107,0,56198,0,77235,0,34689,0,89793,0,78630,0,73887,0,27559,0,126676,0,61506,0,103964,0,26664,0,35310,0,44943,0,52273,0,69753,0,61800,0,131989,0,114954,0,52264,0,57069,0,86565,0,64773,0,59878,0,55758,0,71471,0,43067,0,55319,0,112590,
0,91120,0,98747,0,43070,0,37256,0,48711,0,68492,0,28367,0,87116,0,82906,0,64814,0,66394,0,29961,0,18721,0,80305,0,25101,0,39666,0,60410,0,33523,0,61573,0,75762,0,33842,0,73329,0,47974,0,15223,0,115509,0,57069,0,52513,0,67364,0,66844,0,62007,0,29958,0,28092,0,61655,0,113837,0,55958,0,54877,0,58664,0,55832,0,92613,0,11143,0,18086,0,20384,0,72131,0,18738,0,33206,0,47836,0,40693,0,25201,0,98920,0,28164,0,41243,0,100579,0,74490,0,78341,0,30188,0,57686,0,34465,0,62308,0,50528,0,64081,0,49835,0,60988,0,69236,0,79083,0,41536,0,47666,0,45732,0,64439,0,165504,0,42565,0,48361,0,75266,0,48285,0,56682,0,84392,0,76820,0,108753,0,86848,0,32824,0,56698,0,58538,0,56379,0,60205,0,49512,0,76283,0,60486,0,60655,0,37865,0,112349,0,101221,0,34970,0,70354,0,93018,0,13687,0,54197,0,23129,0,26001,0,65455,0,83611,0,69061,0,77673,0,46554,0,36617,0,56822,0,8512,0,89284,0,32328,0,79525,0,73814,0,56752,0,42335,0,92627,0,38709,0,61646,0,76645,0,67090,0,117781,0,59173,0,131668,0,95828,0,129959,0,37750,0,20893,0,51956,0,79517,0,54132,0,23512,0,96748,0,59301,0,83957,0,52961,0,45311,0,21412,0,73917,0,88565,0,48040,0,17048,0,69718,0,69248,0,89247,0,60103,0,26349,0,48421,0,43224,0,80406,0,90535,0,69662,0,32052,0,96854,0,64425,0,139114,0,38071,0,42828,0,43740,0,108214,0,57116,0,65844,0,62876,0,72768,0,41420,0,119516,0,52551,0,58928,0,65017,0,40974,0,54088,0,63065,0,87669,0,61564,0,108082,0,33840,0,82105,0,60112,0,86027,0,55986,0,44829,0,35089,0,61077,0,31400,0,56244,0,16970,0,51096,0,45622,0,150179,0,91792,0,62181,0,50506,0,58371,0,81444,0,65392,0,17967,0,73660,0,106994,0,60073,0,22344,0,44266,0,67447,0,54490,0,40347,0,37611,0,39350,0,70573,0,94823,0,98067,0,66978,0,98669,0,58924,0,92345,0,27034,0,44723,0,58301,0,109709,0,42767,0,28345,0,35409,0,57183,0,33340,0,90092,0,73220,0,16380,0,74022,0,48562,0,39179,0,100309,0,47542,0,89171,0,68082,0,34090,0,63458,0,93733,0,93475,0,103711,0,76962,0,40770,0,33340,0,73633,0,83284,0,96347,0,48657,0,84318,0,36191,0,33898,0,45300,0,65775,0,20803,0,67711,0,61607,0,62748,0,18738,0,37226,0,44421,0,78899,0,76486,0,14141,0,25095,0,39091,0,45660,0,43590,0,31291,0,102425,0,72298,0,81823,0,53600,0,70057,0,33841,0,75818,0,20694,0,28910,0,20705,0,20405,0,77359,0,85338,0,23394,0,51778,0,59983,0,81961,0,68199,0,55033,0,57168,0,41002,0,95991,0,139473,0,45447,0,31542,0,41595,0,71196,0,34808,0,56286,0,109244,0,46870,0,64905,0,30577,0,49497,0,66897,0,38392,0,66058,0,79318,0,9751,0,56780,0,144263,0,89565,0,72623,0,75144,0,56041,0,11826,0,76042,0,33628,0,18739,0,65892,0,46332,0,37335,0,70917,0,27388,0,70393,0,71591,0,75337,0,13408,0,43339,0,98202,0,65706,0,81655,0,40872,0,61955,0,90032,0,71251,0,31469,0,0,0,53951,0,62856,0,113753,0,43201,0,127825,0,92270,0,40952,0,41103,0,26419,0,68806,0,39001,0,28143,0,83099,0,122295,0,91357,0,67364,0,27548,0,96252,0,54206,0,57936,0,65088,0,105842,0,36486,0,22179,0,58257,0,48896,0,31815,0,35015,0,24538,0,56149,0,57284,0,34549,0,74867,0,30999,0,128370,0,124650,0,63073,0,99810,0,45587,0,73423,0,26366,0,58735,0,92197,0,36576,0,86227,0,58992,0,83962,0,52739,0,75941,0,20391,0,59722,0,39163,0,84220,0,40661,0,32729,0,60740,0,36798,0,87344,0,47260,0,59349,0,46995,0,18416,0,41046,0,47337,0,88999,0,34422,0,14265,0,27945,0,27690,0,53181,0,70376,0,78280,0,50751,0,61573,0,104701,0,87727,0,61838,0,25878,0,37323,0,99973,0,24194,0,84207,0,84538,0,28621,0,113798,0,104098,0,67627,0,37260,0,66933,0,85083,0,47348,0,77011,0,25438,0,129387,0,23949,0,59249,0,49224,0,29845,0,87616,0,39901,0,90803,0,97262,0,85161,0,40676,0,21516,0,45295,0,78928,0,31474,0,51621,0,44008,0,81050,0,76508,0,30796,0,47944,0,43175,0,35473,0,56942,0,34713,0,108606,0,63512,0,106397,0,27199,0,38777,0,59479,0,72659,0,79535,0,105947,0,86151,0,36663,0,78478,0,29392,0,52803,0,22497,0,72193,0,61123,0,12026,0,74719,0,23765,0,102163,0,51801,0,104546,0,29825,0,55462,0,65482,0,76865,0,98656,0,20569,0,55511,0,51283,0,118726,0,63098,0,53753,0,28579,0,39892,0,88810,0,19158,0,61352,0,77364,0,53732,0,51826,0,81438,0,127804,0,51443,0,61318,0,97229,0,76194,0,15915,0,70464,0,35685,0,33075,0,52890,0,80231,0,72655,
0,86871,0,39484,0,60888,0,104830,0,44989,0,46287,0,67992,0,4512,0,21199,0,133980,0,9764,0,83162,0,0,0,9603,0,21681,0,64410,0,42444,0,0,0,121967,0,101064,0,44806,0,55120,0,52018,0,23600,0,0,0,45900,0,48871,0,104715,0,68799,0,93695,0,152227,0,74398,0,10075,0,60877,0,44504,0,118049,0,113114,0,54119,0,47117,0,12169,0,210438,0,115154,0,81698,0,87603,0,128531,0,33013,0,79600,0,82034,0,40348,0,127282,0,125949,0,61433,0,47921,0,67243,0,76239,0,35318,0,47197,0,93048,0,25566,0,99167,0,124328,0,0,0,121946,0,58955,0,69187,0,91045,0,21461,0,12591,0,137715,0,23693,0,80184,0,84851,0,88065,0,28810,0,67575,0,28465,0,26316,0,19832,0,90485,0,18554,0,55846,0,67056,0,65317,0,45058,0,139351,0,80653,0,15338,0,33304,0,46676,0,60761,0,18391,0,90949,0,63977,0,90469,0,132608,0,61404,0,126715,0,37365,0,6472,0,89585,0,47348,0,24816,0,44143,0,132224,0,17576,0,29179,0,79295,0,82774,0,32085,0,81966,0,87157,0,47675,0,102209,0,25916,0,33621,0,2715,0,30419,0,11237,0,76734,0,63519,0,42124,0,17535,0,98683,0,58956,0,30552,0,43323,0,76014,0,130586,0,0,0,77975,0,795,0,5127,0,67633,0,65090,0,49408,0,66363,0,73027,0,28284,0,30931,0,86472,0,15527,0,67154,0,42724,0,33215,0,17470,0,60574,0,55210,0,106050,0,84036,0,68717,0,146403,0,48248,0,17183,0,72512,0,170293,0,41494,0,81912,0,83852,0,47891,0,36031,0,21657,0,48558,0,48815,0,59874,0,68422,0,78954,0,18728,0,61870,0,40104,0,37620,0,54571,0,56440,0,216167,0,21406,0,36827,0,63149,0,96817,0,128484,0,34739,0,27695,0,21610,0,56360,0,16745,0,145378,0,110472,0,33979,0,84147,0,51560,0,151363,0,109640,0,77206,0,16530,0,53452,0,111911,0,35333,0,95255,0,57517,0,92177,0,80809,0,94628,0,68262,0,91400,0,104232,0,122520,0,40343,0,135917,0,85888,0,41503,0,130066,0,26783,0,35486,0,56564,0,59816,0,48058,0,77355,0,50412,0,72789,0,23032,0,25603,0,57084,0,130255,0,55592,0,43829,0,134123,0,31768,0,45876,0,43302,0,85395,0,64884,0,81161,0,79388,0,54811,0,74473,0,41667,0,92806,0,91272,0,81002,0,48452,0,98674,0,101678,0,17250,0,97618,0,95275,0,39874,0,39834,0,25614,0,193090,0,50233,0,94203,0,188324,0,42859,0,57684,0,83835,0,10369,0,111786,0,53954,0,27646,0,27167,0,29411,0,155428,0,22758,0,37521,0,114581,0,15786,0,24614,0,121350,0,66330,0,70996,0,86626,0,139555,0,78954,0,86161,0,66275,0,66254,0,27003,0,44253,0,67378,0,44376,0,58250,0,82261,0,48606,0,100998,0,97144,0,15623,0,93907,0,105856,0,52847,0,28079,0,105491,0,62224,0,17415,0,135686,0,46561,0,121891,0,97548,0,2960,0,34645,0,107136,0,105770,0,67223,0,68096,0,147446,0,76855,0,27576,0,20727,0,17079,0,54217,0,78515,0,26290,0,96830,0,31256,0,116097,0,36932,0,49826,0,45258,0,40755,0,34315,0,0,0,18597,0,97347,0,59032,0,17196,0,33531,0,122066,0,89053,0,103604,0,122844,0,94079,0,36178,0,126437,0,54102,0,117117,0,55184,0,55936,0,100719,0,1431,0,31252,0,81352,0,80483,0,80728,0,53079,0,93658,0,98005,0,49062,0,45535,0,11147,0,56209,0,88690,0,58703,0,105924,0,91057,0,31030,0,65628,0,46119,0,24929,0,84418,0,55921,0,13529,0,92901,0,77959,0,104653,0,111042,0,30508,0,32035,0,209364,0,78751,0,49321,0,46811,0,38142,0,13529,0,42684,0,131963,0,151914,0,58320,0,69992,0,100871,0,25550,0,11422,0,54984,0,119687,0,33528,0,101249,0,175531,0,203803,0,37504,0,117418,0,31163,0,127608,0,120065,0,38654,0,21779,0,79198,0,75795,0,34693,0,38225,0,75277,0,37243,0,38615,0,113980,0,97075,0,298961,0,54436,0,88775,0,7884,0,15208,0,60245,0,34830,0,71090,0,50410,0,18254,0,37389,0,138875,0,14066,0,39232,0,137718,0,44149,0,127947,0,24989,0,34855,0,13408,0,144932,0,104416,0,105434,0,74439,0,40856,0,130166,0,57030,0,66268,0,319,0,60187,0,5017,0,74614,0,62077,0,27290,0,47210,0,80258,0,59750,0,1453,0,74687,0,128773,0,93416,0,51562,0,41772,0,119932,0,122187,0,108228,0,67350,0,52441,0,31253,0,16469,0,104130,0,90921,0,93829,0,19781,0,40258,0,47095,0,44853,0,48469,0,58347,0,33053,0,83018,0,42634,0,69095,0,64827,0,48491,0,27509,0,24637,0,127159,0,124181,0,49699,0,51572,0,16074,0,68885,0,55521,0,39030,0,75249,0,111360,0,94631,0,56223,0,17440,0,10510,0,73237,0,32035,0,47737,0,54501,0,42303,0,25053,0,100838,0,72385,0,208614,0,36576,0,102865,0,44410,0,71373,0,105606,0,180858,0,111302,0,12928,0,51265,0,21631,
1067,970,1233,1185,1420,677,912,865,998,1188,1146,891,1309,719,934,1033,629,1188,1090,698,810,1219,925,955,976,1041,892,537,766,733,953,596,1052,835,1184,680,896,1112,1180,662,730,997,784,791,991,1154,1027,916,659,955,1201,901,925,919,1179,735,800,764,1334,1063,1445,980,1030,705,1127,986,1130,834,1041,1279,1259,961,1454,828,787,795,920,604,1015,692,1158,646,1153,850,994,699,1022,746,971,899,940,944,1186,714,939,912,612,864,1068,838,1107,988,1536,1341,1210,1083,847,695,955,1064,746,574,1077,1031,1278,694,1077,1158,605,1202,922,1190,761,928,762,707,657,1104,726,1008,839,826,1057,917,971,840,950,861,1034,1072,1008,989,1358,998,1081,653,991,1172,969,674,1169,780,1231,991,804,584,839,687,1127,1076,988,1105,806,1295,966,1138,1303,506,904,935,1252,1247,786,402,537,814,1175,697,1366,850,878,1217,1258,793,1671,1017,1055,1127,948,1019,1231,1051,844,979,812,695,756,873,779,620,853,959,1006,921,1202,903,993,1247,858,905,1192,970,1285,1010,1109,1089,785,837,865,923,1262,1515,835,958,575,857,954,1224,607,976,1270,877,731,799,1089,838,839,920,983,743,1105,1355,1056,1003,987,878,1020,756,892,892,994,929,1756,1012,1082,973,989,1003,785,1002,1254,984,1108,1104,1327,684,1107,856,948,863,1422,642,1136,1149,986,683,976,746,946,1127,726,1002,755,1179,1294,1031,1087,869,689,925,1179,808,1315,1167,1068,657,766,985,1372,1042,1209,805,722,915,846,1004,894,1113,1061,1195,748,882,1108,1232,785,959,756,1194,886,1078,1155,790,792,1030,910,962,1436,970,1026,1320,1133,947,797,583,1207,1346,934,716,827,918,1198,1049,1189,630,1296,830,1174,821,802,1149,1029,788,735,813,712,551,1114,1361,1087,713,760,1039,780,938,751,888,1324,1406,1130,989,561,1178,914,981,966,1021,629,1211,860,960,892,999,713,1276,1056,865,579,638,935,1106,806,1116,833,991,1225,1206,856,988,1067,838,1076,724,847,704,993,937,882,716,1096,843,934,1029,1150,1061,972,917,683,1003,847,600,793,1194,1162,1114,1244,1089,720,1013,1195,1114,1326,878,890,810,1009,889,1296,1335,1165,613,786,891,887,1063,1174,922,616,649,679,917,847,1008,1245,751,1141,746,823,701,948,738,1462,1292,902,889,1175,996,1263,1156,731,777,1494,1279,751,1315,1064,610,1041,1095,883,977,984,1029,799,909,691,961,847,1400,1060,1090,653,1325,977,641,1136,725,702,924,867,816,810,973,998,786,841,647,938,920,719,1055,905,906,794,981,891,717,891,925,874,680,896,1035,829,708,628,766,894,534,934,1364,1018,787,714,996,935,956,816,961,701,885,1222,959,808,724,1172,1142,1059,711,756,1265,1163,973,599,855,1110,977,1423,1079,1646,992,949,968,1782,817,733,765,1089,960,1271,1101,667,1059,1085,741,912,860,1529,925,867,960,1126,1187,1148,683,708,1079,898,985,810,780,855,939,1790,1253,556,1025,1373,585,1407,1012,652,1069,1003,1059,859,938,785,857,1312,1056,1122,672,1045,1541,818,680,1103,1257,922,826,1433,985,884,1182,852,981,615,914,1362,727,1074,1081,861,1077,855,766,1207,792,877,1078,1007,812,987,1021,831,729,1234,935,726,845,1001,925,1003,953,754,1020,1311,1042,1029,843,1072,797,996,1027,1321,833,1052,1025,1008,835,939,912,1141,1183,849,854,1153,730,1311,1192,809,836,1185,794,1091,808,832,1265,809,977,1313,742,864,966,1107,820,730,1302,839,713,878,696,779,794,987,1306,1253,961,925,1367,1114,635,1166,1149,915,1181,909,756,1179,696,918,846,984,691,1154,1243,1540,1058,919,1004,816,965,1249,919,871,818,909,949,930,781,807,791,1062,1130,984,811,780,823,897,976,700,554,661,995,799,936,1634,1041,779,628,963,990,1201,942,1188,769,1028,860,852,810,992,955,963,797,1047,846,795,690,798,763,1243,1138,985,720,1241,1167,1161,801,1204,763,1281,938,1174,1088,1353,746,849,992,890,1044,961,1253,1112,893,1071,887,1025,972,1065,907,889,787,722,823,775,1170,962,1195,1003,897,812,664,1047,872,889,605,1093,1346,962,824,781,1061,1051,890,1077,925,1367,1180,917,1027,1127,790,822,1010,1216,904,923,1039,1220,1017,1234,1116,859,838,807,1141,946,1394,706,831,777,862,1129,979,996,893,862,1308,892,715,950,1120,1004,1078,1089,647,759,758,681,609,898,995,1297,816,926,873,950,849,604,829,871,680,1243,938,567,804,1412,1001,894,905,1142,1026,1228,890,1054,1218,849,1020,899,1155,919,938,1076,838,892,1191,1159,915,749,1106,823,1174,1225,598,1237,792,936,874,935,768,1041,673,1261,1075,838,1347,643,985,1368,1023,848,783,1061,1094,699,870,718,932,1007,703,865,718,1014,1182,1154,683,1096,1260,819,1211,1145,1077,889,1189,906,1162,1157,873,1208,966,1313,884,997,826,974,530,852,825,1001,1227,1096,1059,1029,689,1159,1112,1090,1167,935,951,726,1001,1021,771,833,800,1090,802,914,801,
1162,543,1043,800,1305,1156,1154,956,1022,945,1028,1081,1030,840,966,869,1155,695,1200,1316,1245,715,1608,899,1059,853,1026,604,862,1271,932,632,1294,1012,866,933,1205,1300,1269,526,964,729,1035,1392,1014,1044,921,799,1222,670,924,1062,833,699,1087,925,1102,1207,1030,864,1172,911,916,957,926,920,902,829,824,866,1018,892,1197,844,1365,622,1215,1011,1038,884,1282,966,880,966,943,809,719,453,1245,812,976,913,1081,901,827,857,1225,701,1239,1025,1001,635,1219,656,1290,789,1216,699,744,821,989,807,1090,977,1145,930,917,751,1356,958,1051,1019,1329,972,1477,934,932,847,830,978,959,735,822,1079,978,729,1157,793,750,768,1148,1316,691,907,1179,1020,981,1043,832,1155,949,719,1025,769,1014,964,1263,723,949,894,905,803,851,843,1301,826,731,766,912,1172,1145,1119,928,788,1305,1001,1242,543,799,845,962,789,1331,858,863,787,635,661,1286,732,869,518,836,811,1241,585,1148,728,1244,883,977,1174,892,893,841,845,1182,1099,636,599,1444,735,1010,961,929,899,1469,1144,923,1125,1252,536,1420,936,1113,740,1054,1045,1103,592,1138,665,1020,947,703,1048,1295,1149,900,913,1030,991,1061,1039,1220,391,999,744,583,750,794,886,1658,984,723,1228,994,1139,778,965,777,876,1085,689,1106,951,1127,1108,1237,622,1048,1069,1156,719,693,1008,1048,1033,1220,779,1184,934,750,861,1137,936,1119,854,1342,1552,1188,813,902,910,786,714,1121,1251,1194,1073,851,1017,1314,1146,791,1140,849,418,877,715,1002,974,989,1191,688,1096,793,1436,906,1043,1202,832,984,900,1060,856,1148,529,1120,868,1049,689,763,1304,581,754,903,1052,1112,924,993,657,982,797,1330,718,1083,983,953,920,948,801,1159,977,1046,806,1029,966,754,710,1039,619,1038,869,1050,995,846,864,1019,904,1231,1107,1040,1105,1059,780,1467,743,1173,753,1007,969,889,1174,1170,886,1111,1128,779,1092,913,628,867,744,1070,958,1191,1015,956,934,805,909,1288,761,1034,966,1151,1277,1171,1043,1197,754,781,1041,758,873,629,1007,824,1070,884,826,826,752,921,907,1024,958,850,925,952,708,1141,944,894,848,1119,944,736,904,832,1092,950,772,1181,512,824,752,1253,1195,1108,969,1056,802,1121,753,1146,716,1248,876,994,1054,1097,874,1158,1089,804,975,1217,724,900,1217,1275,808,941,804,1257,1041,1047,714,1076,962,887,954,1054,1270,1016,1039,760,1003,1361,913,1370,744,1134,1093,1003,873,934,924,969,965,943,1070,1119,996,1020,839,1233,788,951,885,1232,954,860,950,875,495,1058,712,832,1122,980,1196,912,999,1011,1032,800,1073,1005,792,1166,973,1006,829,1039,525,862,1075,988,1112,1311,744,1051,599,1134,806,777,969,927,651,839,876,1148,974,1121,1112,1118,688,855,719,1190,852,1094,819,991,827,740,699,721,951,1027,450,1050,951,1229,1296,1271,1288,1029,643,1312,1015,1296,1004,1141,1044,905,866,1139,498,1090,728,815,1111,1220,818,1131,830,1248,949,915,1240,923,851,1092,788,748,822,1071,1132,981,1205,843,987,1122,783,885,1076,1058,1053,739,793,876,639,969,969,1062,935,1085,698,950,1251,868,1273,1613,930,801,733,1248,684,909,760,1422,705,791,691,624,826,966,769,1010,613,800,754,1069,909,897,799,785,1209,843,889,1247,978,1059,871,760,1158,1185,478,754,683,1017,917,982,861,782,919,1124,1129,1298,581,1013,1192,914,494,694,1056,1051,488,867,678,937,837,1035,835,1145,960,1197,991,1166,554,856,1070,1314,945,1228,987,1162,405,1012,612,917,1472,1035,504,1051,817,1062,807,1258,934,1172,1112,801,774,1139,1231,724,586,808,836,860,882,1003,960,1332,954,956,642,799,1166,1089,923,942,638,1060,1530,553,868,818,882,991,860,837,1186,1193,990,1312,765,1027,838,1089,998,1219,858,1334,1080,1061,588,676,782,1065,826,948,840,751,1159,895,1415,920,734,1362,426,1027,589,1132,1225,741,757,708,771,1023,1073,870,710,928,832,1419,916,934,1051,1112,723,1120,685,1221,925,833,1058,874,1048,918,946,1442,962,1260,955,1163,537,955,939,884,911,783,835,1369,1126,1070,764,1168,1080,983,504,1045,409,929,838,986,865,795,529,1112,1157,970,720,892,659,761,661,1253,452,1151,828,1313,1103,885,882,761,604,896,782,1356,1043,891,1130,1307,918,1359,847,903,984,1509,1079,1138,966,882,926,1125,609,1010,1260,1122,997,1456,1289,961,676,914,922,905,642,1226,1022,1167,1108,944,885,772,1504,1168,1120,932,807,977,1576,1029,617,1225,1110,1303,783,1228,919,1024,623,1175,911,1266,928,1038,852,1006,915,1195,1272,1252,1045,909,779,1007,839,1106,725,1224,744,808,902,1080,1068,1058,1057,867,672,1205,1000,1444,1070,923,630,760,618,956,1029,1268,749,1202,1042,954,970,1141,968,1007,711,1447,1278,889,1225,1127,1251,802,880,991,913,863,920,1042,705,849,1193,1050,961,988,840,954,985,1151,969,897,913,1074,1041,718,745,1515,947,886,1145,
22,585,71,530,27,655,242,726,6,680,8,726,13,687,9,642,2,553,387,672,69,583,30,778,21,762,211,504,84,479,40,711,72,801,9,789,41,958,13,763,27,664,16,824,29,559,1,546,36,539,11,677,2,793,105,601,3,584,5,939,2,484,15,925,57,497,13,632,13,603,13,698,10,1129,23,817,27,658,23,601,92,704,1,695,17,557,46,621,11,1051,116,687,29,795,1,1136,26,895,19,658,18,801,53,814,4,817,10,895,35,1039,30,781,16,446,11,745,68,564,24,921,52,666,92,534,179,968,13,647,25,911,25,1011,16,757,22,594,5,828,61,543,82,643,35,825,5,685,16,773,88,926,1,589,12,727,31,817,1,733,65,718,45,686,1,632,14,1057,22,652,48,598,83,699,6,683,3,766,23,617,151,484,160,602,61,891,201,1035,61,785,1,564,204,740,16,692,30,546,17,584,29,650,39,1048,12,839,6,664,5,856,1,667,12,692,19,601,46,905,71,663,1,891,3,980,26,605,88,612,17,609,2,802,17,749,4,939,179,769,35,585,118,720,16,688,67,697,27,714,2,594,1,565,9,1061,16,898,29,1050,13,654,28,991,270,638,7,689,5,679,52,786,17,622,26,820,14,918,59,612,17,489,65,955,56,601,19,458,42,627,11,554,605,530,17,962,38,816,501,960,53,702,9,954,129,707,40,751,61,627,195,766,135,751,17,605,100,791,1,909,51,571,46,582,9,757,32,849,19,812,17,795,27,741,77,735,11,437,52,680,3,793,10,710,79,466,10,528,4,913,10,621,49,640,6,714,6,754,3,1412,5,831,7,497,21,553,6,745,5,829,40,1029,66,878,211,431,58,894,14,532,1,699,86,820,5,772,83,581,13,753,1,562,43,692,6,716,45,701,21,900,137,845,4,782,18,618,56,725,13,762,47,732,5,741,3,926,237,903,12,729,119,1000,176,1144,18,558,78,851,4,729,49,723,52,677,18,831,45,1006,9,662,8,524,1,557,138,1132,2,643,125,373,105,707,31,561,4,709,119,731,16,840,20,872,21,624,477,684,8,575,24,715,80,923,117,726,20,575,2,596,7,650,4,997,13,807,48,677,4,842,1,703,211,523,21,604,10,651,1,1204,5,926,10,892,3,732,74,487,33,653,4,1155,9,975,3,759,1,688,23,772,194,530,37,858,3,968,7,652,3,643,27,803,187,482,152,936,78,1117,21,762,189,761,6,531,11,723,11,1170,1,714,2,687,20,565,4,602,51,629,26,1108,6,715,16,1262,352,971,17,639,202,821,16,771,22,582,26,980,3,1009,12,566,34,875,258,1423,1,881,122,463,31,898,34,779,1,927,35,1084,5,562,59,612,17,716,1,954,234,685,5,838,36,800,2,836,287,886,2,673,229,671,8,920,13,694,67,516,1,602,190,562,2,863,17,721,28,812,12,594,100,537,131,556,12,655,22,590,38,488,73,627,22,740,7,665,12,883,107,1039,19,898,44,559,2,738,33,636,18,787,1,840,18,932,24,543,1,724,11,712,25,467,12,561,108,716,2,846,11,840,6,1167,19,800,5,1154,4,642,55,587,4,578,24,749,24,792,9,754,101,758,51,681,9,978,9,720,39,947,18,617,4,757,10,734,303,747,6,692,27,960,1,930,22,889,6,647,1,826,5,982,1,673,67,830,12,1022,26,564,2,773,33,519,54,814,71,948,14,731,6,691,1,870,19,669,121,744,198,782,58,1040,10,992,18,759,65,778,34,1021,50,667,5,973,1,936,1,801,1,685,131,653,1,599,80,982,19,870,35,544,20,626,41,1129,239,986,24,879,10,886,21,970,5,726,33,738,98,741,59,792,66,595,2,927,27,611,100,891,2,575,24,471,36,761,15,935,19,568,87,969,49,1046,450,596,1,646,1,459,57,557,10,868,29,801,9,698,14,1040,7,485,6,717,3,918,5,633,3,719,28,736,5,588,12,814,129,1006,9,466,1,622,1,635,74,796,36,858,65,1058,5,773,84,960,7,805,118,823,4,743,9,1086,30,859,81,609,9,633,18,723,162,607,9,662,5,506,7,861,3,879,4,471,28,446,23,669,45,550,9,573,24,934,61,508,8,846,18,703,36,1037,18,794,26,652,2,707,112,567,10,669,147,800,53,783,25,671,23,515,174,492,27,860,172,569,4,631,4,676,87,823,68,1182,128,504,74,647,7,583,45,517,42,759,121,937,14,549,24,878,8,533,189,720,234,546,7,581,12,988,39,859,10,672,12,738,19,837,6,630,95,464,37,922,154,705,
